crop_type,crop_code,grain_temp_c,grain_moisture_pct,ambient_temp_c,ambient_rh_pct,days_in_storage,emc_pct,temp_gradient_c,risk_level
corn,0,2.2,14.52,5.4,65.9,117,18.31,-3.2,1
soybeans,1,24.1,12.44,27.9,96.1,43,25.28,-3.8,1
soybeans,1,6.5,17.47,6.9,61.3,82,13.73,-0.5,1
corn,0,13.5,15.43,1.5,63.5,151,18.39,12.0,1
corn,0,20.0,14.6,11.4,65.7,64,17.28,8.6,1
corn,0,15.6,12.9,7.9,55.0,137,15.23,7.8,0
corn,0,15.5,14.3,7.4,41.1,113,12.27,8.2,1
soybeans,1,16.5,10.93,8.9,68.8,135,15.32,7.6,0
soybeans,1,32.4,15.53,20.5,73.9,169,15.63,11.9,2
soybeans,1,27.6,15.97,-5.0,71.3,54,17.41,32.6,2
corn,0,11.5,14.61,7.8,70.0,65,19.0,3.7,1
soybeans,1,22.8,12.47,-3.4,72.6,2,17.61,26.2,1
soybeans,1,19.3,15.01,8.4,86.3,132,21.04,10.8,1
corn,0,15.9,15.62,-3.3,69.3,78,21.12,19.2,2
corn,0,10.1,12.86,0.7,64.0,32,18.67,9.4,1
corn,0,18.9,15.88,1.6,68.1,100,19.62,17.3,2
corn,0,14.0,15.14,11.8,80.1,130,21.46,2.2,1
corn,0,13.5,13.71,11.3,91.8,104,27.22,2.2,0
corn,0,11.0,13.2,-6.0,63.2,142,19.91,17.0,1
corn,0,22.5,13.88,4.4,73.4,148,20.65,18.1,1
soybeans,1,11.0,12.45,-1.7,76.7,89,18.67,12.7,1
corn,0,11.0,14.67,-6.1,58.1,49,18.5,17.1,1
corn,0,21.1,15.21,2.3,72.3,136,20.76,18.8,2
corn,0,15.1,16.3,1.5,51.5,174,15.38,13.5,1
corn,0,15.2,14.74,23.4,47.2,149,11.89,-8.2,1
soybeans,1,22.7,14.9,7.5,77.1,87,17.75,15.3,2
corn,0,24.5,13.72,-7.0,66.6,160,21.21,31.6,1
corn,0,2.2,12.63,-0.5,74.8,8,22.23,2.7,0
corn,0,15.2,13.43,12.2,71.7,101,18.75,3.0,0
corn,0,6.8,16.77,20.7,58.3,16,14.37,-13.9,1
soybeans,1,13.5,15.34,-8.7,71.4,40,17.89,22.2,2
corn,0,16.0,14.93,-11.0,54.7,106,18.78,27.0,1
corn,0,13.7,10.93,19.0,91.5,27,25.36,-5.3,0
soybeans,1,9.3,14.76,7.1,53.0,104,12.0,2.2,1
soybeans,1,9.0,11.81,-2.9,69.3,105,16.62,12.0,1
soybeans,1,20.7,11.93,8.3,57.4,146,12.81,12.5,1
corn,0,26.0,12.14,-17.1,80.0,35,29.09,43.1,1
corn,0,2.6,12.81,4.0,67.4,113,18.95,-1.4,0
soybeans,1,13.9,15.7,6.6,64.7,52,14.55,7.2,1
corn,0,20.8,14.61,11.4,83.9,143,23.02,9.4,1
corn,0,15.8,12.5,-4.1,72.4,53,22.31,19.9,1
corn,0,8.8,13.15,4.7,79.2,91,22.59,4.1,0
corn,0,12.9,15.1,-3.4,58.3,81,17.97,16.3,2
soybeans,1,18.0,15.46,6.0,52.3,104,11.94,11.9,1
corn,0,14.0,14.44,-3.2,73.5,66,22.43,17.2,1
soybeans,1,15.7,12.13,0.7,67.5,113,15.78,15.0,1
corn,0,15.9,13.46,-4.0,80.8,31,25.43,19.8,1
corn,0,12.6,18.49,9.2,70.9,61,19.0,3.4,1
corn,0,21.3,12.02,10.9,74.9,101,19.89,10.4,1
corn,0,12.9,14.87,2.1,49.3,105,14.77,10.8,1
soybeans,1,9.5,18.02,4.3,98.4,98,33.28,5.2,1
soybeans,1,30.5,13.71,-7.6,69.7,34,17.27,38.1,1
soybeans,1,15.5,17.5,1.6,81.8,59,20.01,13.9,1
soybeans,1,0.0,12.96,3.6,60.3,3,13.8,-3.6,0
corn,0,24.2,10.65,25.0,76.3,17,18.19,-0.8,1
soybeans,1,24.1,13.16,-4.9,53.8,78,13.11,29.0,1
corn,0,19.0,12.84,15.7,78.3,46,20.16,3.3,0
corn,0,20.1,11.19,12.0,67.0,166,17.51,8.1,0
corn,0,30.0,13.45,6.2,72.4,35,19.99,23.8,1
corn,0,9.7,15.98,18.1,81.8,129,20.95,-8.3,1
corn,0,16.9,13.13,7.0,54.7,112,15.3,9.9,1
corn,0,28.8,13.52,7.1,62.4,157,17.11,21.7,1
soybeans,1,30.2,16.67,3.6,78.4,132,18.59,26.6,2
corn,0,13.6,12.85,13.8,99.0,61,37.02,-0.2,0
corn,0,29.1,15.31,12.8,70.1,97,18.19,16.3,2
corn,0,21.2,11.13,-1.0,80.3,145,24.38,22.2,1
corn,0,25.7,12.46,-6.6,70.5,156,22.33,32.3,1
soybeans,1,21.0,13.82,2.4,99.0,178,35.76,18.6,1
corn,0,18.0,16.38,-2.4,47.5,90,15.09,20.4,2
soybeans,1,30.4,12.56,3.5,73.3,136,17.05,26.9,1
soybeans,1,12.6,12.54,13.9,49.2,162,10.83,-1.3,0
corn,0,28.4,14.69,0.3,36.9,59,12.22,28.0,1
corn,0,29.4,14.98,3.7,76.2,18,21.72,25.7,1
soybeans,1,24.9,12.34,4.5,74.0,95,17.12,20.4,1
soybeans,1,15.5,13.26,10.8,68.0,155,14.96,4.7,1
soybeans,1,17.6,16.16,-14.0,70.5,16,18.34,31.6,2
soybeans,1,7.7,12.08,-0.9,99.0,10,36.5,8.6,0
corn,0,13.1,14.81,5.7,68.4,104,18.93,7.4,1
corn,0,20.0,13.27,13.6,79.1,76,20.79,6.4,0
corn,0,6.7,16.72,0.1,62.9,150,18.5,6.7,1
soybeans,1,14.1,15.24,-11.0,76.1,16,19.7,25.1,2
soybeans,1,28.6,15.79,9.0,68.7,12,15.28,19.7,2
corn,0,15.0,13.23,-1.1,66.3,75,19.67,16.1,1
corn,0,22.7,15.68,-5.5,97.5,179,39.82,28.2,2
corn,0,19.7,15.64,-1.0,88.5,129,28.43,20.7,2
corn,0,14.0,15.14,2.5,73.9,27,21.22,11.5,1
soybeans,1,15.0,13.69,-0.8,39.7,12,9.97,15.8,1
soybeans,1,17.1,14.49,-13.6,66.9,30,17.26,30.7,2
soybeans,1,2.7,10.87,11.2,99.0,9,33.92,-8.5,0
corn,0,22.2,17.37,14.2,68.8,53,17.63,8.0,2
corn,0,15.2,13.11,9.2,87.4,54,25.12,6.0,0
soybeans,1,22.4,13.6,-5.1,92.2,165,26.52,27.5,1
soybeans,1,18.5,11.83,2.4,75.1,170,17.67,16.1,1
corn,0,14.9,15.41,3.9,60.2,49,17.09,11.0,1
soybeans,1,17.3,15.15,8.8,37.9,4,9.06,8.5,1
corn,0,17.3,13.67,9.3,81.6,79,22.48,8.0,0
corn,0,25.6,10.5,-1.9,60.6,179,18.27,27.5,1
corn,0,16.4,12.92,4.7,74.5,91,20.95,11.8,1
corn,0,17.9,15.03,7.7,54.5,79,15.15,10.2,1
corn,0,7.8,14.65,15.6,68.3,159,17.3,-7.8,1
corn,0,15.7,14.12,9.6,72.5,103,19.39,6.1,1
soybeans,1,25.5,13.44,10.3,75.8,111,17.05,15.1,1
corn,0,18.8,11.36,4.7,56.4,58,16.04,14.1,1
corn,0,9.0,15.93,15.3,88.8,82,24.51,-6.3,1
soybeans,1,9.7,11.61,7.3,63.6,132,14.24,2.4,0
corn,0,11.2,13.83,-2.9,48.6,22,15.42,14.1,1
corn,0,22.5,12.34,15.2,70.5,131,17.93,7.3,1
soybeans,1,21.7,15.99,9.6,72.5,79,16.21,12.1,2
corn,0,0.0,15.25,0.5,74.2,99,21.8,-0.5,1
corn,0,15.5,13.56,0.2,91.1,175,29.8,15.3,1
corn,0,17.0,15.44,6.4,68.7,38,18.89,10.6,1
corn,0,9.7,11.51,7.7,70.3,161,19.11,2.0,0
soybeans,1,13.5,14.06,5.6,56.6,176,12.84,7.9,1
soybeans,1,24.7,12.3,6.5,83.5,117,20.08,18.2,1
soybeans,1,18.7,16.05,17.6,74.6,26,16.05,1.1,1
soybeans,1,12.8,14.87,12.6,66.1,136,14.37,0.2,1
soybeans,1,14.8,15.37,5.5,45.3,50,10.62,9.3,1
corn,0,14.5,13.2,11.5,92.2,38,27.51,3.0,0
soybeans,1,17.8,15.54,-4.3,54.8,138,13.29,22.1,2
corn,0,6.7,12.19,7.2,63.7,42,17.43,-0.5,0
soybeans,1,11.6,12.45,18.5,77.0,37,16.65,-6.8,0
soybeans,1,22.7,13.88,2.3,55.2,154,12.83,20.5,1
corn,0,15.5,12.52,-2.8,51.1,140,16.02,18.3,1
corn,0,10.5,15.48,-1.2,42.3,49,13.66,11.7,1
corn,0,10.7,13.35,-4.7,82.1,142,26.24,15.5,1
corn,0,20.7,12.25,-2.3,64.4,46,19.39,23.0,1
soybeans,1,12.6,12.02,1.0,99.0,163,36.06,11.6,1
soybeans,1,19.3,15.46,-7.2,58.1,29,14.3,26.6,2
corn,0,11.9,10.5,4.1,59.1,12,16.78,7.8,0
corn,0,8.7,12.38,11.2,64.1,116,16.89,-2.6,0
corn,0,17.6,16.73,-3.3,75.4,82,23.12,20.9,2
corn,0,15.4,13.58,16.2,65.4,44,16.52,-0.8,0
corn,0,20.5,15.49,8.1,80.6,2,22.36,12.4,1
corn,0,21.7,14.97,12.2,58.3,17,15.38,9.5,1
soybeans,1,13.7,13.86,-1.3,52.7,138,12.57,14.9,1
corn,0,18.3,11.21,10.8,46.8,18,13.08,7.4,0
corn,0,13.5,11.81,-4.7,40.9,22,13.89,18.2,1
soybeans,1,20.1,11.78,11.1,64.7,83,14.17,9.0,0
corn,0,17.5,15.07,5.4,67.8,58,18.82,12.1,1
soybeans,1,11.9,15.41,8.4,63.2,53,14.03,3.5,1
soybeans,1,11.4,12.62,-5.4,89.4,1,24.66,16.8,1
corn,0,17.7,14.06,-3.2,89.2,61,29.59,20.9,1
corn,0,23.6,14.21,8.8,67.3,159,18.1,14.8,1
corn,0,21.9,14.34,-3.6,46.9,31,15.14,25.4,1
corn,0,9.9,12.83,7.7,64.1,66,17.43,2.2,0
corn,0,10.6,17.15,-6.9,63.6,147,20.27,17.5,2
soybeans,1,11.5,15.42,10.8,62.8,53,13.76,0.7,1
corn,0,12.1,14.33,-5.9,62.2,95,19.61,18.0,1
corn,0,4.2,13.27,8.4,62.9,150,17.01,-4.2,0
corn,0,21.1,12.7,9.0,66.6,23,17.87,12.1,1
soybeans,1,13.0,14.92,-1.6,63.1,143,14.92,14.6,2
corn,0,19.0,13.35,8.7,74.9,154,20.31,10.3,1
corn,0,13.9,14.44,6.1,77.0,131,21.51,7.9,1
corn,0,15.9,10.78,-0.3,59.3,87,17.61,16.2,1
soybeans,1,11.5,13.25,-4.1,89.8,148,24.68,15.6,1
corn,0,15.8,14.0,-11.7,58.3,125,19.98,27.5,1
soybeans,1,10.3,15.94,6.8,49.4,109,11.31,3.5,1
soybeans,1,15.9,12.54,-8.5,77.3,40,19.76,24.4,1
corn,0,25.5,11.53,4.8,60.6,121,17.03,20.7,1
soybeans,1,19.4,15.0,1.9,76.5,39,18.17,17.5,2
corn,0,17.9,14.08,9.4,38.3,120,11.47,8.5,1
soybeans,1,7.4,11.1,1.6,91.5,18,24.88,5.8,0
soybeans,1,19.7,11.19,1.4,81.4,169,19.91,18.3,1
corn,0,20.3,13.04,9.9,51.0,155,14.08,10.5,1
corn,0,17.7,14.05,6.7,51.3,143,14.57,11.1,1
soybeans,1,17.4,16.7,6.5,95.4,37,27.53,10.9,1
corn,0,15.1,12.25,7.8,61.7,5,16.83,7.3,0
corn,0,20.2,15.17,-8.3,60.3,73,19.66,28.5,2
corn,0,25.1,10.67,10.1,40.3,135,11.81,15.0,1
corn,0,18.1,14.85,8.9,67.1,41,18.02,9.2,1
soybeans,1,9.7,16.91,-4.1,68.8,10,16.63,13.8,1
corn,0,10.2,14.46,2.0,82.0,154,24.31,8.1,1
corn,0,20.7,13.0,3.7,52.4,68,15.26,17.0,1
corn,0,9.7,16.42,2.9,50.7,24,14.98,6.8,1
soybeans,1,17.3,14.83,6.7,78.3,78,18.21,10.6,1
corn,0,13.8,14.48,15.5,86.1,169,23.16,-1.7,1
soybeans,1,9.0,12.37,12.7,50.0,145,11.05,-3.6,0
corn,0,21.4,14.85,-6.5,87.1,109,29.47,27.9,1
soybeans,1,20.6,12.97,9.0,72.5,24,16.27,11.6,1
corn,0,7.2,14.76,14.6,87.3,155,23.88,-7.4,1
corn,0,19.1,14.29,7.1,71.0,7,19.42,12.0,1
corn,0,18.2,16.15,12.7,36.7,73,10.81,5.5,1
soybeans,1,21.4,13.16,20.1,69.9,107,14.65,1.3,1
soybeans,1,17.1,13.93,12.2,86.8,99,20.83,4.9,1
corn,0,25.3,15.64,6.0,59.5,122,16.57,19.3,2
soybeans,1,15.2,13.78,12.4,66.6,12,14.49,2.8,1
soybeans,1,14.2,14.16,5.2,69.5,85,15.85,9.1,1
corn,0,9.7,13.47,4.2,31.4,3,10.55,5.5,0
corn,0,9.9,13.91,1.2,95.4,79,33.58,8.7,0
corn,0,9.3,15.41,16.5,59.4,85,15.08,-7.2,1
corn,0,17.4,17.5,-2.5,79.1,10,24.32,20.0,2
soybeans,1,14.3,11.18,16.3,70.8,33,15.18,-2.0,0
soybeans,1,18.1,11.92,8.0,89.6,46,22.76,10.2,1
soybeans,1,8.1,13.95,-7.2,77.7,59,19.7,15.3,1
corn,0,10.4,14.29,6.9,68.7,52,18.79,3.5,1
corn,0,10.3,13.81,-12.8,59.5,6,20.66,23.1,1
soybeans,1,30.1,13.2,9.0,83.2,130,19.66,21.1,1
soybeans,1,14.9,11.98,11.1,45.8,29,10.36,3.8,0
soybeans,1,15.6,13.1,-0.7,81.0,119,20.04,16.3,1
soybeans,1,15.5,15.67,5.0,56.6,168,12.89,10.5,1
soybeans,1,26.1,14.37,19.6,89.5,97,21.29,6.5,1
corn,0,5.5,15.42,-0.0,74.3,68,21.92,5.6,1
corn,0,15.6,12.03,-4.5,81.0,157,25.69,20.1,1
soybeans,1,5.5,16.8,15.9,73.1,60,15.82,-10.4,1
soybeans,1,0.5,13.19,19.7,47.5,124,10.18,-19.2,1
corn,0,11.2,15.06,4.0,59.9,84,17.01,7.2,1
corn,0,18.7,13.97,12.1,81.4,41,21.88,6.6,0
soybeans,1,10.8,13.23,14.7,74.3,113,16.23,-3.9,1
corn,0,18.6,14.98,-1.9,88.5,65,28.76,20.5,1
corn,0,16.7,15.28,0.1,77.6,79,23.07,16.6,2
corn,0,15.1,19.04,13.8,58.5,63,15.21,1.2,1
soybeans,1,24.2,15.35,17.5,60.9,176,12.85,6.7,1
soybeans,1,12.1,15.32,8.5,73.4,148,16.57,3.6,1
corn,0,18.5,16.26,-3.0,39.6,118,13.32,21.5,2
soybeans,1,4.3,15.16,19.9,95.4,37,25.55,-15.6,1
corn,0,16.6,14.13,-0.2,78.2,64,23.37,16.9,1
corn,0,14.3,14.79,1.3,89.2,86,28.16,13.0,1
soybeans,1,8.3,15.74,6.7,49.9,133,11.41,1.6,1
soybeans,1,18.6,16.7,16.4,89.4,34,21.6,2.2,1
soybeans,1,11.2,11.48,10.8,99.0,39,33.99,0.4,0
soybeans,1,27.3,10.8,7.3,53.5,67,12.09,19.9,1
corn,0,0.2,16.63,7.7,82.8,62,23.32,-7.5,1
corn,0,17.6,12.76,4.3,72.0,88,20.24,13.3,1
corn,0,16.3,11.22,8.5,50.4,152,14.12,7.8,0
corn,0,14.2,11.05,-16.2,78.9,131,28.57,30.4,1
corn,0,12.6,17.44,1.6,83.7,109,25.15,10.9,1
soybeans,1,16.4,15.78,5.9,63.6,89,14.34,10.5,1
corn,0,22.9,12.77,-5.2,88.3,67,29.74,28.1,1
soybeans,1,5.1,12.84,7.1,48.7,79,11.16,-2.0,0
soybeans,1,10.8,14.3,2.4,51.1,178,11.96,8.4,1
soybeans,1,9.2,15.75,18.0,73.9,29,15.83,-8.9,1
corn,0,8.9,13.67,16.6,72.4,74,18.24,-7.7,0
corn,0,18.2,12.79,0.3,62.0,32,18.21,18.0,1
corn,0,19.8,16.24,2.8,83.3,87,24.7,17.0,2
corn,0,22.9,14.15,3.4,79.4,39,22.95,19.5,1
soybeans,1,19.9,13.86,0.4,84.0,137,21.07,19.5,1
corn,0,20.5,15.27,5.6,70.3,101,19.49,14.9,2
corn,0,6.8,10.5,-2.1,80.4,142,24.74,8.9,0
soybeans,1,25.6,15.05,-5.0,65.8,68,15.93,30.7,2
corn,0,14.6,14.94,9.0,99.0,148,38.61,5.7,1
soybeans,1,22.7,11.72,9.0,60.6,28,13.43,13.7,1
soybeans,1,7.1,10.71,-2.4,99.0,14,36.88,9.5,1
soybeans,1,14.4,13.18,11.2,72.5,172,16.06,3.3,1
corn,0,22.1,14.53,-1.1,52.7,77,16.11,23.2,1
corn,0,16.2,14.71,6.0,91.2,116,28.14,10.2,1
soybeans,1,11.1,17.27,10.6,73.8,167,16.46,0.5,1
corn,0,24.5,14.53,3.7,83.9,28,24.72,20.8,1
soybeans,1,8.4,11.68,7.6,89.1,89,22.55,0.7,0
soybeans,1,15.9,13.75,-0.1,76.7,32,18.48,16.0,1
soybeans,1,20.2,11.86,2.4,63.7,137,14.68,17.7,1
corn,0,29.6,13.88,2.4,85.7,156,25.9,27.3,1
corn,0,13.0,16.74,-2.0,72.0,95,21.64,15.0,2
soybeans,1,14.2,15.03,2.6,81.6,17,19.83,11.6,1
corn,0,13.1,12.9,-8.4,41.8,117,14.78,21.5,1
corn,0,17.6,15.27,0.1,78.3,77,23.31,17.5,2
corn,0,19.8,12.8,1.7,63.1,55,18.22,18.1,1
soybeans,1,23.1,10.5,2.0,95.1,10,28.01,21.2,1
soybeans,1,20.9,11.98,2.1,80.7,80,19.57,18.8,1
corn,0,12.8,15.03,3.5,75.4,134,21.48,9.3,1
corn,0,21.3,15.59,7.8,78.8,176,21.77,13.5,1
soybeans,1,16.6,17.29,11.0,58.0,116,12.73,5.6,1
soybeans,1,20.8,14.81,-1.2,94.7,169,28.11,22.0,2
corn,0,21.2,16.62,-5.6,99.0,79,45.01,26.8,2
corn,0,26.6,15.33,-4.3,77.5,60,24.2,30.9,2
soybeans,1,13.7,15.89,0.1,94.3,42,27.41,13.6,1
soybeans,1,12.5,16.18,1.2,64.0,116,14.87,11.3,1
soybeans,1,18.9,15.08,-2.2,60.8,109,14.44,21.1,2
soybeans,1,23.7,16.13,-6.4,72.6,71,17.95,30.1,2
corn,0,16.4,12.94,0.4,78.1,156,23.18,16.0,1
corn,0,24.1,10.5,5.5,66.5,102,18.45,18.7,1
soybeans,1,20.5,15.37,8.8,79.5,13,18.38,11.7,1
soybeans,1,14.7,14.87,-0.5,76.3,15,18.38,15.2,2
soybeans,1,19.7,12.62,0.7,58.0,36,13.55,19.0,1
soybeans,1,13.2,11.93,-3.4,79.3,15,19.74,16.6,1
corn,0,17.6,14.44,3.7,84.1,117,24.8,13.8,1
corn,0,9.0,15.49,-2.8,74.4,75,22.64,11.8,1
soybeans,1,15.6,15.14,8.6,88.1,56,21.9,7.0,1
soybeans,1,22.5,12.36,-10.3,55.0,95,13.89,32.8,1
soybeans,1,21.0,12.77,1.1,78.6,132,18.93,19.9,1
soybeans,1,20.0,15.41,6.4,55.6,52,12.58,13.6,1
soybeans,1,17.9,14.33,5.5,56.4,138,12.81,12.4,1
corn,0,17.0,16.11,25.5,63.2,173,14.88,-8.5,1
corn,0,7.8,13.62,6.8,58.8,84,16.28,1.0,0
corn,0,14.7,15.53,-4.0,64.3,29,19.78,18.7,2
corn,0,17.2,14.13,3.2,69.0,53,19.57,14.0,1
corn,0,8.7,12.9,-10.2,83.7,157,28.96,18.9,1
corn,0,4.6,15.87,3.4,67.5,151,19.12,1.3,1
corn,0,23.3,12.41,-2.7,49.8,178,15.69,26.0,1
corn,0,16.3,14.33,11.3,88.0,21,24.92,5.0,1
corn,0,17.4,14.52,-0.4,60.3,112,17.89,17.8,1
corn,0,19.6,13.98,3.1,71.2,171,20.25,16.5,1
corn,0,9.6,15.98,-1.1,78.3,138,23.61,10.7,1
soybeans,1,13.4,15.23,17.9,74.8,76,16.08,-4.5,1
corn,0,25.8,15.02,1.4,87.3,30,27.03,24.3,2
corn,0,12.8,14.32,18.7,78.7,125,19.81,-5.8,1
corn,0,14.3,17.54,10.5,59.9,51,16.0,3.8,1
soybeans,1,11.6,16.84,7.9,99.0,161,34.59,3.8,1
corn,0,11.2,15.85,6.9,74.7,146,20.57,4.2,1
soybeans,1,23.2,15.56,7.2,69.9,78,15.77,16.0,2
corn,0,0.0,13.12,-11.4,85.5,22,30.44,11.4,1
corn,0,13.0,14.11,1.8,75.5,64,21.92,11.3,1
corn,0,17.5,15.34,10.8,77.6,21,20.78,6.7,1
corn,0,27.0,16.09,3.6,99.0,129,40.65,23.4,2
soybeans,1,8.6,15.81,-7.2,68.1,107,16.8,15.9,2
soybeans,1,7.5,15.25,3.6,67.6,116,15.5,3.9,1
soybeans,1,10.4,17.8,17.6,73.6,124,15.79,-7.2,1
corn,0,20.6,13.96,14.0,87.0,143,23.88,6.6,0
corn,0,16.8,16.02,3.5,50.9,36,14.94,13.3,1
soybeans,1,6.6,15.8,11.6,44.5,47,10.1,-5.0,1
corn,0,16.6,15.0,1.1,63.8,32,18.54,15.6,1
corn,0,26.1,15.06,-9.6,49.1,174,16.91,35.7,2
corn,0,17.7,15.03,-3.4,66.1,54,20.13,21.1,2
corn,0,17.1,12.93,16.5,79.0,161,20.26,0.6,0
soybeans,1,17.5,14.92,1.8,59.5,167,13.78,15.7,2
soybeans,1,18.7,15.55,2.1,52.0,23,12.18,16.6,2
soybeans,1,7.8,14.78,1.6,73.0,171,17.15,6.2,1
corn,0,14.5,10.88,19.2,84.1,2,21.63,-4.7,0
corn,0,14.8,11.34,17.0,48.3,166,12.7,-2.2,0
corn,0,12.9,12.73,21.8,83.5,157,20.99,-8.9,0
corn,0,20.5,14.0,2.7,83.4,110,24.76,17.7,1
corn,0,11.9,12.82,6.4,85.4,124,24.75,5.5,0
soybeans,1,13.7,15.36,-8.1,89.1,67,24.92,21.8,2
soybeans,1,7.8,16.35,15.8,99.0,71,33.05,-8.0,1
corn,0,18.5,16.6,-5.3,67.0,164,20.89,23.8,2
soybeans,1,22.1,14.81,5.7,73.5,29,16.87,16.4,2
soybeans,1,13.7,16.15,-4.8,66.2,119,16.0,18.4,2
corn,0,21.2,13.19,-0.7,72.0,165,21.34,22.0,1
soybeans,1,15.0,13.93,-2.7,93.5,113,27.15,17.7,1
corn,0,0.0,12.1,-0.9,53.2,45,16.19,0.9,0
corn,0,15.7,16.37,-0.3,59.9,16,17.79,16.0,2
corn,0,14.9,17.74,-0.4,91.3,31,30.14,15.2,2
soybeans,1,16.7,13.57,10.7,86.3,162,20.75,6.0,1
corn,0,17.6,10.5,-4.8,66.9,50,20.74,22.5,1
corn,0,11.6,12.48,5.8,84.0,122,24.25,5.8,0
corn,0,25.6,13.03,13.7,76.8,171,19.99,11.8,1
corn,0,15.6,11.81,-0.1,93.0,15,31.47,15.7,1
soybeans,1,14.7,12.35,-1.7,73.0,176,17.54,16.4,1
soybeans,1,20.8,14.57,2.2,86.4,49,21.88,18.7,2
corn,0,16.1,15.39,13.4,99.0,172,37.13,2.7,1
corn,0,32.7,10.5,5.6,80.4,10,22.83,27.1,1
corn,0,14.6,13.24,-0.2,72.7,20,21.45,14.9,1
corn,0,18.3,14.27,7.9,82.1,70,23.0,10.4,1
corn,0,11.1,12.28,-4.8,66.9,8,20.72,15.9,1
corn,0,21.7,14.63,9.5,99.0,173,38.45,12.2,1
corn,0,18.0,13.99,7.3,74.5,34,20.45,10.7,1
soybeans,1,13.8,13.39,1.5,68.2,179,15.86,12.3,1
soybeans,1,10.3,12.64,-2.7,60.3,4,14.37,13.0,1
corn,0,7.5,14.69,-3.1,87.4,108,28.43,10.6,1
corn,0,18.7,12.83,8.3,84.1,167,23.76,10.4,1
soybeans,1,7.0,11.08,13.8,65.0,24,14.02,-6.8,0
corn,0,24.5,14.24,-1.1,80.1,55,24.32,25.6,1
soybeans,1,7.8,11.97,7.7,50.9,26,11.54,0.1,0
soybeans,1,14.8,11.24,-12.7,74.6,25,19.43,27.5,1
corn,0,10.3,14.43,-0.7,78.3,36,23.53,10.9,1
corn,0,16.2,13.91,3.8,95.9,71,33.36,12.5,1
soybeans,1,16.2,12.64,-3.3,61.2,12,14.63,19.4,1
corn,0,18.9,14.61,-3.5,54.1,129,16.91,22.4,1
corn,0,6.1,14.96,-1.3,59.5,116,17.87,7.4,1
soybeans,1,11.0,14.63,6.3,53.3,178,12.11,4.7,1
corn,0,22.3,14.57,2.5,90.7,153,28.82,19.8,1
corn,0,20.3,11.31,-13.9,93.7,133,38.24,34.2,1
soybeans,1,0.0,16.53,-13.0,76.5,83,20.11,13.0,1
corn,0,18.5,15.2,-0.9,89.1,6,28.77,19.3,2
corn,0,9.3,12.49,7.7,73.9,26,20.17,1.6,0
soybeans,1,12.2,14.18,-18.0,70.7,113,18.53,30.1,2
corn,0,14.5,14.52,0.0,67.3,103,19.75,14.5,1
soybeans,1,26.1,14.13,-0.2,67.7,120,15.9,26.3,2
soybeans,1,9.2,17.43,15.1,50.3,167,10.96,-5.9,1
corn,0,6.9,10.7,0.9,75.7,9,22.18,6.0,0
corn,0,18.9,11.54,7.1,71.4,45,19.55,11.9,1
corn,0,15.8,10.5,5.1,82.4,14,23.75,10.7,1
corn,0,23.8,14.34,-13.0,73.3,112,25.41,36.9,1
corn,0,13.7,15.18,10.1,69.7,55,18.52,3.6,1
soybeans,1,23.9,14.85,5.7,59.8,137,13.52,18.1,2
corn,0,16.1,13.68,8.1,73.0,15,19.83,8.0,0
corn,0,19.4,14.93,30.0,82.3,37,19.4,-10.6,1
soybeans,1,26.6,13.67,-12.7,56.0,178,14.38,39.2,1
corn,0,14.9,15.53,17.8,73.2,127,18.3,-2.9,1
soybeans,1,22.8,16.19,1.7,75.3,117,17.81,21.1,2
corn,0,12.0,12.52,6.3,61.9,84,17.13,5.7,0
corn,0,17.5,13.68,3.6,63.8,72,18.05,13.8,1
soybeans,1,6.6,13.97,0.6,75.2,96,17.92,6.0,1
soybeans,1,12.7,16.77,-0.6,56.1,111,13.25,13.3,1
soybeans,1,9.1,12.74,6.6,76.9,149,17.77,2.5,0
soybeans,1,23.9,16.18,-8.1,59.5,105,14.71,32.1,2
soybeans,1,27.3,11.56,10.0,86.9,147,21.11,17.3,1
corn,0,13.7,16.44,0.7,99.0,58,41.9,13.0,1
corn,0,11.0,15.73,-5.0,59.9,95,18.78,16.0,2
soybeans,1,7.5,13.92,0.4,79.5,118,19.33,7.1,1
soybeans,1,17.7,15.85,14.1,61.8,6,13.3,3.7,1
soybeans,1,12.1,13.3,-0.3,86.6,4,22.32,12.4,1
corn,0,12.4,12.54,6.9,54.3,43,15.21,5.6,0
corn,0,26.6,17.27,-1.8,78.7,93,23.99,28.4,2
soybeans,1,14.1,13.23,10.1,59.8,42,13.17,4.0,1
corn,0,19.8,15.42,9.5,69.1,3,18.46,10.3,1
soybeans,1,16.3,16.2,18.8,57.6,129,12.11,-2.4,1
soybeans,1,7.2,15.65,2.6,83.5,15,20.57,4.6,1
corn,0,4.0,15.28,9.3,60.3,47,16.25,-5.3,1
soybeans,1,19.2,15.42,4.8,79.7,85,18.89,14.4,2
soybeans,1,27.1,16.1,14.4,67.2,174,14.47,12.7,2
corn,0,18.0,14.77,-1.8,70.4,58,21.07,19.8,1
soybeans,1,20.1,14.13,10.0,74.1,39,16.6,10.1,1
corn,0,10.1,11.74,2.4,61.3,131,17.64,7.7,0
soybeans,1,22.6,14.77,3.5,74.9,158,17.52,19.1,2
corn,0,22.5,16.05,4.7,93.4,35,30.31,17.8,2
soybeans,1,11.5,12.22,6.0,61.1,157,13.78,5.5,0
corn,0,19.5,13.79,3.1,88.4,178,27.19,16.5,1
corn,0,4.5,14.97,5.7,93.0,52,29.63,-1.2,1
soybeans,1,20.7,16.92,16.6,60.6,118,12.85,4.1,2
corn,0,12.3,12.11,11.9,51.6,14,13.96,0.4,0
corn,0,8.0,15.63,11.0,76.2,163,20.3,-2.9,1
soybeans,1,18.6,13.56,0.4,64.3,156,15.02,18.3,1
soybeans,1,4.5,12.99,-3.1,98.2,30,34.08,7.6,0
corn,0,18.2,12.55,11.6,72.5,90,19.05,6.6,0
soybeans,1,8.6,13.02,11.0,60.8,135,13.31,-2.4,1
corn,0,7.2,15.1,15.8,55.9,167,14.42,-8.5,1
corn,0,16.4,13.79,-0.8,87.3,95,27.66,17.2,1
corn,0,14.9,15.49,2.2,64.0,69,18.39,12.7,1
soybeans,1,25.5,12.18,-9.1,72.6,163,18.31,34.6,1
soybeans,1,7.6,15.45,0.9,85.4,127,21.6,6.8,1
soybeans,1,24.9,14.98,12.0,65.2,52,14.21,13.0,1
soybeans,1,8.6,11.49,0.3,71.4,142,16.84,8.3,0
corn,0,22.0,16.91,9.1,71.8,63,19.27,12.9,2
corn,0,23.2,14.81,2.5,81.6,36,24.02,20.7,1
corn,0,18.1,15.58,6.6,80.3,91,22.56,11.5,1
corn,0,10.9,16.28,-5.2,68.9,152,21.45,16.0,2
corn,0,6.1,15.94,4.7,72.9,168,20.45,1.4,1
soybeans,1,3.3,13.97,-18.0,66.8,157,17.4,21.3,1
corn,0,28.0,15.51,2.5,51.3,53,15.18,25.5,2
corn,0,14.1,10.94,-9.0,75.6,109,24.91,23.1,1
corn,0,8.8,14.91,13.6,98.5,150,35.25,-4.8,1
soybeans,1,8.6,17.32,10.2,59.6,72,13.12,-1.6,1
soybeans,1,17.1,12.95,7.7,61.2,15,13.65,9.4,1
corn,0,13.4,15.85,16.2,59.8,113,15.22,-2.7,1
corn,0,3.5,17.39,-3.6,82.1,69,25.92,7.1,1
soybeans,1,21.6,15.44,18.0,78.3,116,17.07,3.6,1
corn,0,18.2,16.05,11.5,69.8,4,18.32,6.7,1
soybeans,1,28.0,11.37,2.1,59.1,75,13.67,25.9,1
soybeans,1,23.4,12.52,13.1,73.3,146,16.1,10.3,1
corn,0,0.0,16.77,-4.9,50.1,42,16.16,4.9,1
corn,0,25.2,15.93,-2.6,74.0,30,22.46,27.8,2
soybeans,1,23.8,15.09,-0.9,84.2,143,21.32,24.7,2
corn,0,11.2,13.72,-0.2,54.5,70,16.4,11.4,1
corn,0,13.2,14.71,-4.5,50.5,16,16.2,17.6,1
soybeans,1,18.7,17.33,13.8,94.1,111,25.12,4.9,1
soybeans,1,9.4,14.02,1.9,63.4,104,14.66,7.5,1
soybeans,1,14.4,15.46,6.8,87.9,107,22.01,7.6,1
soybeans,1,22.5,15.41,-0.6,69.8,123,16.51,23.1,2
corn,0,19.4,13.0,-10.6,69.7,162,23.26,29.9,1
corn,0,11.7,13.14,6.2,78.1,27,21.87,5.5,0
soybeans,1,22.6,16.95,-11.3,59.6,13,15.09,33.9,2
corn,0,18.0,15.23,3.5,73.9,155,21.0,14.5,2
corn,0,17.7,12.98,-6.9,66.7,73,21.2,24.7,1
soybeans,1,12.7,13.64,19.9,53.5,86,11.26,-7.2,1
corn,0,16.0,12.43,11.3,76.7,31,20.4,4.7,0
corn,0,11.0,16.12,4.8,68.3,3,19.06,6.1,1
corn,0,3.4,13.75,14.1,69.8,30,17.92,-10.7,0
corn,0,14.2,13.77,-2.8,55.1,149,17.01,17.0,1
corn,0,15.2,15.71,8.3,94.3,99,30.08,6.9,1
corn,0,16.9,11.18,5.6,84.3,134,24.43,11.3,1
corn,0,23.9,14.13,6.1,85.5,160,24.88,17.8,1
soybeans,1,11.8,14.18,14.2,67.7,170,14.61,-2.4,1
soybeans,1,13.6,13.69,9.9,47.8,160,10.81,3.7,1
corn,0,21.0,13.21,6.3,99.0,99,39.59,14.7,1
soybeans,1,11.1,12.92,-9.2,71.1,86,17.89,20.3,1
corn,0,17.0,14.71,-3.7,61.5,167,18.91,20.7,1
corn,0,13.3,12.38,3.0,77.8,64,22.45,10.3,1
soybeans,1,14.4,14.49,4.7,88.3,118,22.51,9.7,1
corn,0,20.9,13.2,-5.0,71.7,158,22.31,26.0,1
soybeans,1,13.6,13.32,23.3,89.9,114,21.08,-9.7,1
corn,0,21.1,14.55,16.1,87.2,159,23.53,5.0,1
soybeans,1,3.3,13.3,8.8,56.9,87,12.67,-5.5,1
corn,0,6.7,16.48,4.6,62.6,40,17.57,2.1,1
soybeans,1,0.9,13.95,2.3,85.4,161,21.42,-1.4,1
corn,0,8.4,16.08,-3.6,34.0,25,12.09,12.0,1
soybeans,1,28.1,12.83,4.6,69.9,164,16.0,23.4,1
corn,0,15.9,12.79,6.1,52.0,152,14.8,9.8,1
corn,0,11.3,11.21,-5.9,65.3,95,20.53,17.2,1
soybeans,1,21.1,13.31,6.7,67.8,167,15.28,14.4,1
corn,0,22.0,13.78,2.8,67.0,46,19.09,19.2,1
soybeans,1,8.1,14.34,-11.3,64.3,138,16.25,19.3,2
soybeans,1,32.2,15.46,-2.9,56.6,32,13.56,35.1,2
corn,0,17.8,15.32,0.7,99.0,97,41.89,17.1,2
soybeans,1,18.6,16.24,19.1,98.1,164,29.84,-0.5,1
corn,0,19.2,12.6,8.5,55.7,156,15.32,10.8,1
soybeans,1,19.2,14.26,-6.7,94.1,144,28.56,25.9,2
corn,0,12.0,12.4,7.9,66.4,16,18.01,4.1,0
corn,0,29.7,14.95,-8.4,73.8,18,24.02,38.1,1
soybeans,1,14.1,17.45,12.7,71.1,136,15.57,1.5,1
soybeans,1,22.2,12.05,0.2,62.8,75,14.66,22.0,1
corn,0,12.9,15.44,3.3,85.8,1,25.73,9.7,1
soybeans,1,11.8,16.09,14.6,73.8,125,16.09,-2.8,1
corn,0,28.4,12.59,-6.3,65.3,38,20.62,34.7,1
corn,0,15.3,14.99,-7.2,53.7,45,17.58,22.5,1
corn,0,15.8,13.55,-0.7,59.5,81,17.74,16.4,1
corn,0,17.8,13.98,12.3,49.0,129,13.36,5.5,0
corn,0,32.9,13.49,-8.2,72.2,32,23.36,41.1,1
corn,0,30.1,13.8,-18.0,55.2,136,20.05,48.1,1
soybeans,1,24.3,16.28,0.4,68.3,118,16.0,24.0,2
soybeans,1,34.5,14.06,8.4,91.2,40,23.66,26.1,2
soybeans,1,9.9,13.12,13.6,88.8,74,21.61,-3.7,1
corn,0,20.3,14.32,0.3,71.5,111,20.96,20.0,1
corn,0,16.5,10.5,0.7,70.8,103,20.63,15.8,1
soybeans,1,4.5,12.73,13.2,98.3,103,31.25,-8.7,0
soybeans,1,19.0,16.45,-11.0,79.3,74,20.82,30.0,2
corn,0,12.8,13.94,0.9,67.4,164,19.59,11.9,1
soybeans,1,26.0,13.34,5.5,52.0,114,11.92,20.4,1
soybeans,1,13.4,14.51,7.6,77.5,123,17.86,5.8,1
soybeans,1,13.1,15.53,-0.1,83.6,57,20.96,13.1,1
soybeans,1,26.0,16.59,4.3,63.2,74,14.39,21.7,2
soybeans,1,15.6,13.39,-15.9,76.1,83,20.28,31.5,1
corn,0,23.6,13.43,-1.3,66.9,173,19.9,24.8,1
soybeans,1,18.8,13.8,7.6,69.4,79,15.59,11.1,1
soybeans,1,18.8,16.05,-3.9,37.2,130,9.67,22.7,2
corn,0,14.4,14.3,4.5,68.9,93,19.3,9.9,1
corn,0,19.3,18.1,7.6,85.6,50,24.57,11.7,1
corn,0,15.1,13.91,1.3,63.2,29,18.34,13.9,1
soybeans,1,10.8,17.37,5.4,72.7,81,16.69,5.4,1
soybeans,1,15.3,12.59,-3.7,61.4,10,14.73,19.0,1
corn,0,24.4,11.7,2.3,77.0,155,22.32,22.0,1
corn,0,19.5,14.02,8.9,69.0,117,18.53,10.6,1
corn,0,21.0,16.25,5.3,58.9,143,16.53,15.7,2
soybeans,1,16.0,13.34,-0.7,90.7,60,24.68,16.7,1
soybeans,1,3.4,13.09,5.8,85.0,159,20.79,-2.4,1
soybeans,1,8.1,16.05,9.7,63.5,149,14.01,-1.7,1
corn,0,14.1,15.47,-12.4,79.0,60,27.52,26.5,2
corn,0,8.6,12.77,13.3,79.5,58,20.98,-4.7,0
corn,0,12.6,12.67,1.3,81.0,169,24.07,11.3,1
corn,0,12.4,15.69,7.4,48.3,174,13.81,5.0,1
soybeans,1,12.6,11.26,13.6,86.1,45,20.33,-1.0,0
soybeans,1,25.3,16.14,-7.0,64.0,124,15.7,32.3,2
soybeans,1,15.7,15.45,-1.7,67.0,26,15.88,17.3,2
soybeans,1,22.1,10.5,1.7,99.0,102,35.91,20.4,1
corn,0,17.1,14.23,-2.3,76.2,51,23.16,19.3,1
soybeans,1,25.2,10.64,17.9,66.6,164,14.06,7.3,1
soybeans,1,22.6,12.03,-2.9,41.1,52,10.37,25.5,1
soybeans,1,12.2,13.29,-0.4,91.5,51,25.18,12.6,1
corn,0,28.8,11.92,5.6,53.2,131,15.14,23.1,1
corn,0,13.0,18.19,-5.6,58.0,14,18.36,18.7,2
corn,0,17.3,15.76,0.8,67.4,177,19.58,16.5,2
soybeans,1,18.5,16.66,6.5,91.8,1,24.37,11.9,1
soybeans,1,19.2,13.95,1.3,82.8,145,20.46,17.8,1
corn,0,21.2,14.25,3.3,69.8,178,19.8,17.9,1
soybeans,1,11.1,17.05,-0.2,76.3,14,18.36,11.3,1
soybeans,1,20.6,14.98,-8.1,63.6,81,15.72,28.7,2
corn,0,19.8,15.3,6.6,74.0,3,20.4,13.2,1
corn,0,16.0,12.56,18.0,73.0,98,18.21,-2.0,0
soybeans,1,14.8,12.55,4.1,85.6,40,21.25,10.6,1
corn,0,10.7,14.67,5.8,85.5,89,24.97,4.9,1
soybeans,1,19.1,14.87,9.5,78.9,125,18.1,9.6,1
corn,0,11.7,12.41,-6.2,66.9,162,21.07,17.9,1
soybeans,1,17.5,14.85,17.6,82.4,95,18.45,-0.1,1
corn,0,15.3,12.0,5.6,70.7,9,19.61,9.7,1
corn,0,7.3,14.22,17.1,56.9,94,14.47,-9.7,1
soybeans,1,9.9,11.61,-1.9,66.4,84,15.74,11.8,1
corn,0,18.6,16.59,18.5,73.2,21,18.18,0.1,1
corn,0,12.6,13.64,10.2,84.7,25,23.61,2.4,0
corn,0,12.4,12.95,8.4,69.4,102,18.73,3.9,0
soybeans,1,11.0,12.14,5.9,55.1,122,12.51,5.2,0
soybeans,1,11.3,11.96,2.0,72.8,172,17.05,9.2,1
soybeans,1,26.7,14.99,13.6,73.6,25,16.13,13.1,1
corn,0,8.7,16.01,5.1,74.6,137,20.9,3.6,1
corn,0,25.6,15.83,-11.7,84.9,103,30.22,37.3,2
corn,0,13.9,16.71,-4.9,86.3,154,28.42,18.8,2
corn,0,11.8,17.35,2.5,63.7,57,18.24,9.2,1
corn,0,18.5,15.92,6.5,63.4,37,17.46,12.0,1
corn,0,16.3,13.29,3.5,57.4,16,16.47,12.8,1
corn,0,14.7,14.51,13.8,81.8,37,21.71,1.0,1
soybeans,1,17.4,10.5,-11.6,92.3,76,27.85,29.0,1
corn,0,16.2,15.35,5.1,67.6,152,18.81,11.1,1
corn,0,14.6,14.47,-10.5,68.6,26,22.87,25.1,1
soybeans,1,22.1,17.07,10.1,92.5,20,24.37,12.0,2
corn,0,6.6,12.86,3.2,79.1,137,22.86,3.4,0
soybeans,1,10.1,15.13,7.4,78.1,103,18.07,2.7,1
soybeans,1,10.9,12.39,-2.9,55.3,29,13.28,13.8,1
soybeans,1,9.1,14.0,14.2,81.5,31,18.48,-5.1,1
corn,0,16.6,11.26,12.3,59.0,19,15.53,4.2,0
soybeans,1,19.3,16.64,8.7,56.1,148,12.51,10.6,1
corn,0,3.2,16.09,3.0,67.1,27,19.1,0.3,1
corn,0,12.9,13.35,8.6,63.8,94,17.21,4.3,0
corn,0,13.9,14.67,-1.7,68.9,85,20.58,15.6,1
soybeans,1,14.1,14.27,10.8,51.8,44,11.51,3.3,1
corn,0,7.6,13.1,17.2,85.4,163,22.54,-9.5,0
corn,0,14.0,14.42,12.6,87.8,113,24.56,1.4,1
soybeans,1,10.1,13.4,-1.8,44.7,150,11.01,11.9,1
corn,0,13.8,15.96,6.9,85.7,74,24.79,6.9,1
corn,0,4.8,13.82,-6.3,60.7,87,19.27,11.2,1
corn,0,13.9,18.5,8.6,84.0,143,23.63,5.3,1
corn,0,11.3,14.06,7.6,71.0,94,19.33,3.7,1
corn,0,14.3,14.4,-11.0,72.4,98,24.34,25.3,1
corn,0,18.0,15.15,-5.3,69.4,141,21.63,23.2,2
soybeans,1,15.7,15.71,1.7,89.0,132,23.28,14.0,1
corn,0,21.2,14.34,1.6,54.6,56,16.12,19.6,1
corn,0,13.7,15.11,-5.7,80.5,151,25.84,19.3,2
soybeans,1,20.0,14.53,7.1,87.4,97,21.73,12.9,1
corn,0,23.3,12.8,6.0,82.0,98,23.38,17.3,1
soybeans,1,17.8,12.31,2.4,99.0,34,35.74,15.3,1
corn,0,15.9,15.46,-2.0,64.6,100,19.41,17.9,2
corn,0,18.7,16.93,12.4,85.4,145,23.45,6.3,1
corn,0,18.0,11.26,17.2,70.5,156,17.65,0.8,0
corn,0,22.5,11.62,0.1,89.3,14,28.57,22.4,1
corn,0,21.2,11.6,-0.9,71.9,162,21.34,22.1,1
corn,0,21.2,15.6,7.9,66.6,112,18.04,13.3,1
corn,0,16.3,15.75,1.1,90.3,75,28.94,15.2,2
corn,0,18.2,12.44,2.9,65.1,97,18.55,15.3,1
corn,0,18.1,18.17,9.9,52.2,121,14.34,8.2,1
corn,0,8.2,13.51,-11.3,64.8,55,21.83,19.4,1
corn,0,22.9,16.78,14.5,80.7,117,21.16,8.4,2
corn,0,5.1,15.66,4.6,91.5,93,28.78,0.6,1
soybeans,1,20.6,12.48,0.7,73.6,37,17.41,19.9,1
corn,0,17.7,13.45,3.3,90.5,26,28.42,14.4,1
soybeans,1,14.2,12.63,3.7,53.0,67,12.25,10.5,1
soybeans,1,18.5,11.78,-9.8,65.8,84,16.48,28.4,1
corn,0,18.7,13.74,16.0,68.0,18,17.17,2.8,0
soybeans,1,7.5,12.04,4.3,70.4,27,16.16,3.2,0
soybeans,1,25.2,13.89,7.5,73.2,31,16.59,17.7,1
corn,0,16.5,17.68,11.6,81.7,106,22.07,4.9,1
corn,0,31.0,15.45,-4.2,65.8,129,20.23,35.2,2
soybeans,1,21.1,13.2,7.8,73.9,6,16.78,13.3,1
soybeans,1,16.3,13.05,1.9,71.4,11,16.67,14.5,1
corn,0,11.5,13.48,10.8,59.0,162,15.75,0.7,0
corn,0,15.3,17.93,-13.0,70.4,18,24.32,28.3,2
corn,0,17.0,12.24,3.2,70.0,21,19.86,13.8,1
corn,0,25.5,14.2,-0.8,69.7,19,20.63,26.3,1
soybeans,1,24.0,15.04,7.5,72.4,4,16.4,16.5,2
corn,0,18.9,16.39,7.8,73.1,77,19.9,11.2,1
corn,0,27.5,13.6,-1.7,65.9,116,19.71,29.2,1
soybeans,1,2.9,12.47,-1.7,89.8,157,24.31,4.6,0
corn,0,19.0,14.72,3.1,55.6,25,16.1,15.9,1
corn,0,24.2,16.57,-3.2,61.9,77,18.9,27.3,2
soybeans,1,19.6,13.71,10.7,99.0,155,34.01,8.8,1
soybeans,1,7.3,12.69,1.0,57.5,49,13.4,6.3,0
corn,0,25.0,14.4,-18.0,53.0,65,19.4,43.0,1
corn,0,20.9,11.28,1.0,82.3,166,24.7,19.9,1
corn,0,18.2,13.81,-4.3,42.9,83,14.31,22.5,1
corn,0,16.6,16.32,-9.1,68.7,1,22.44,25.6,2
corn,0,29.0,15.77,-5.9,99.0,168,45.16,34.9,2
corn,0,18.9,13.94,4.9,50.4,81,14.61,14.0,1
corn,0,14.4,17.19,14.6,44.3,21,12.14,-0.2,1
corn,0,10.7,17.64,6.5,51.0,86,14.53,4.2,1
corn,0,20.9,15.4,-0.9,84.6,15,26.26,21.8,2
corn,0,22.4,11.56,7.6,87.7,50,25.64,14.8,1
corn,0,16.4,10.82,0.3,64.8,48,18.97,16.0,1
corn,0,12.4,16.69,-1.6,81.6,160,25.08,13.9,1
corn,0,24.6,14.64,-5.2,91.5,49,32.0,29.9,1
soybeans,1,10.2,17.14,-10.0,97.0,108,33.15,20.2,2
corn,0,28.8,11.79,0.9,68.6,45,19.92,27.9,1
soybeans,1,11.2,13.91,5.3,39.8,32,9.6,6.0,1
soybeans,1,7.7,16.05,3.2,60.5,132,13.88,4.5,1
corn,0,8.5,12.89,0.7,66.0,97,19.24,7.9,0
corn,0,8.8,16.03,-3.6,68.4,80,20.87,12.4,1
corn,0,14.5,13.98,8.9,69.4,146,18.64,5.6,0
corn,0,13.0,14.25,-6.5,87.7,54,29.81,19.5,1
soybeans,1,22.7,12.07,10.2,89.8,127,22.61,12.5,1
corn,0,21.7,14.65,-4.0,69.6,175,21.36,25.8,1
corn,0,14.5,18.15,-2.0,87.4,134,28.09,16.6,2
corn,0,36.2,14.9,-7.7,77.0,66,25.04,43.9,1
corn,0,14.5,12.77,-0.0,72.9,137,21.46,14.5,1
soybeans,1,15.3,16.71,11.8,84.7,109,19.94,3.5,1
corn,0,7.7,12.83,8.1,73.0,23,19.82,-0.4,0
corn,0,15.5,17.3,11.8,99.0,107,37.65,3.6,1
soybeans,1,17.9,11.91,8.2,51.9,171,11.7,9.8,1
soybeans,1,8.3,14.69,-4.8,64.8,51,15.66,13.1,1
corn,0,12.8,16.95,1.4,70.2,72,20.32,11.4,1
corn,0,18.1,12.64,-2.2,78.2,103,23.87,20.4,1
corn,0,12.6,14.35,14.6,89.8,153,25.19,-2.1,1
corn,0,11.2,16.28,-5.6,71.7,80,22.44,16.8,2
corn,0,21.1,10.5,11.1,52.1,163,14.15,9.9,1
corn,0,7.7,15.87,11.1,83.8,145,23.01,-3.5,1
corn,0,8.9,14.04,18.6,82.6,18,21.15,-9.7,1
corn,0,17.2,16.8,0.7,44.8,155,13.96,16.4,2
soybeans,1,21.5,12.71,9.7,71.9,143,16.05,11.8,1
corn,0,18.0,11.7,22.3,49.7,81,12.48,-4.3,0
corn,0,14.5,13.22,-0.9,62.7,107,18.65,15.5,1
corn,0,14.0,13.18,-8.3,59.4,69,19.38,22.3,1
soybeans,1,22.6,13.83,-11.0,83.3,80,22.47,33.6,1
corn,0,21.6,13.36,9.7,73.6,143,19.72,11.9,1
corn,0,16.3,10.59,-11.1,54.0,42,18.58,27.4,1
soybeans,1,14.2,14.03,1.0,84.3,34,21.12,13.2,1
soybeans,1,16.2,14.62,7.5,51.9,48,11.76,8.7,1
soybeans,1,11.3,13.85,5.5,76.6,136,17.81,5.8,1
corn,0,15.0,14.72,7.4,60.6,138,16.62,7.6,1
corn,0,12.8,14.35,5.8,66.9,5,18.5,7.0,1
soybeans,1,15.3,11.71,14.2,79.1,116,17.67,1.1,0
soybeans,1,13.1,13.66,-3.6,79.3,176,19.78,16.7,1
corn,0,19.4,14.41,-1.4,90.7,117,30.06,20.8,1
corn,0,21.3,13.77,-2.2,70.8,154,21.31,23.5,1
corn,0,13.5,11.51,10.6,76.3,108,20.38,2.9,0
soybeans,1,10.7,16.4,11.2,65.9,23,14.42,-0.5,1
corn,0,20.6,12.45,7.6,74.5,62,20.39,13.0,1
corn,0,17.2,11.96,13.5,78.2,13,20.48,3.7,0
corn,0,13.6,14.27,-5.4,70.6,137,22.06,19.0,1
corn,0,24.9,13.63,17.3,46.7,20,12.36,7.6,1
corn,0,12.3,15.28,16.2,76.6,92,19.55,-3.9,1
corn,0,3.0,15.77,9.9,77.1,108,20.78,-6.8,1
soybeans,1,11.4,15.5,18.3,62.5,152,13.14,-6.9,1
corn,0,26.5,14.2,-9.3,54.0,108,18.13,35.8,1
corn,0,13.9,15.2,-0.2,92.7,33,31.2,14.1,2
corn,0,12.6,11.39,-1.9,78.9,148,24.06,14.5,1
corn,0,16.2,16.17,9.8,68.8,176,18.33,6.4,1
corn,0,22.6,13.47,-4.4,56.1,64,17.6,27.0,1
corn,0,15.5,17.75,10.1,60.5,30,16.19,5.4,1
corn,0,19.8,16.22,15.0,90.2,108,25.41,4.9,1
corn,0,14.8,13.84,9.6,73.9,73,19.84,5.2,0
corn,0,19.9,14.24,6.3,64.3,109,17.73,13.6,1
soybeans,1,17.2,16.33,-3.9,79.1,145,19.76,21.1,2
corn,0,13.4,10.5,-2.8,60.6,100,18.46,16.2,1
soybeans,1,17.7,13.91,14.0,93.0,14,24.19,3.7,1
corn,0,12.5,17.26,10.2,90.9,19,26.92,2.2,1
soybeans,1,7.0,15.72,3.7,65.5,71,14.98,3.4,1
soybeans,1,15.9,12.69,0.7,63.2,59,14.73,15.2,1
corn,0,7.6,14.77,-12.2,35.3,97,13.85,19.8,1
corn,0,19.9,12.44,-4.6,51.3,44,16.4,24.5,1
corn,0,15.8,13.59,19.3,53.2,160,13.47,-3.5,0
corn,0,25.3,14.8,-6.2,73.9,111,23.41,31.5,1
soybeans,1,13.9,15.12,5.5,67.4,11,15.29,8.3,1
soybeans,1,15.9,15.51,12.1,53.2,106,11.69,3.8,1
soybeans,1,6.4,16.42,-6.0,68.1,2,16.64,12.5,1
corn,0,8.8,12.05,5.5,79.1,125,22.36,3.3,0
soybeans,1,5.1,14.24,11.5,79.4,145,18.05,-6.4,1
soybeans,1,23.0,12.67,4.1,45.4,94,10.73,18.9,1
corn,0,13.0,13.48,26.9,70.2,168,16.34,-13.9,0
corn,0,24.6,12.84,-9.3,52.6,174,17.78,34.0,1
soybeans,1,0.0,15.1,12.5,84.6,93,19.84,-12.5,1
corn,0,26.1,16.1,2.6,83.0,4,24.58,23.4,2
soybeans,1,15.6,16.19,10.2,59.4,166,13.09,5.4,1
corn,0,18.2,12.21,7.5,61.3,63,16.76,10.7,1
soybeans,1,9.1,13.98,-1.9,65.5,29,15.54,11.0,1
corn,0,19.4,12.16,5.8,40.5,19,12.32,13.6,1
corn,0,13.6,12.1,-10.9,76.7,91,25.97,24.4,1
corn,0,8.2,13.01,8.8,68.2,29,18.32,-0.6,0
soybeans,1,8.2,14.82,6.4,85.6,163,20.97,1.8,1
soybeans,1,8.0,15.13,9.1,56.6,116,12.58,-1.1,1
corn,0,18.5,15.38,12.5,63.3,70,16.52,6.0,1
corn,0,11.9,15.27,6.9,50.9,123,14.44,4.9,1
soybeans,1,5.3,12.67,5.2,57.9,23,13.16,0.2,0
corn,0,18.4,16.33,-3.0,55.5,46,17.16,21.4,2
soybeans,1,1.9,15.65,-1.7,85.9,172,22.23,3.6,1
corn,0,24.6,13.46,13.5,62.2,176,16.12,11.1,1
corn,0,28.9,13.53,15.5,73.7,8,18.79,13.4,1
corn,0,7.5,13.02,2.1,66.7,66,19.13,5.4,0
corn,0,22.8,11.87,4.4,54.2,168,15.57,18.5,1
soybeans,1,18.3,15.4,-3.2,69.6,159,16.75,21.5,2
corn,0,12.7,15.68,13.4,80.4,176,21.27,-0.6,1
corn,0,13.1,12.53,9.3,55.1,100,15.05,3.7,0
soybeans,1,20.3,11.98,19.5,83.3,61,18.6,0.7,0
corn,0,15.7,12.51,-3.0,60.1,112,18.38,18.8,1
corn,0,0.0,14.4,1.0,65.2,52,18.96,-1.0,1
soybeans,1,29.5,11.71,5.9,79.4,166,18.67,23.6,1
soybeans,1,18.8,16.23,9.2,62.7,36,13.87,9.6,1
corn,0,15.7,16.12,2.3,72.5,112,20.83,13.4,1
soybeans,1,11.3,14.96,-3.0,67.6,87,16.18,14.3,2
soybeans,1,14.8,15.66,11.1,73.8,85,16.43,3.7,1
corn,0,24.2,14.31,9.8,38.7,13,11.51,14.5,1
corn,0,17.7,15.04,-3.3,46.4,165,14.98,21.0,2
soybeans,1,18.4,11.86,14.8,80.6,47,18.12,3.6,0
soybeans,1,7.9,16.7,13.4,86.5,90,20.54,-5.5,1
corn,0,13.7,13.32,5.1,59.3,22,16.66,8.7,0
soybeans,1,16.3,13.97,4.6,68.6,167,15.66,11.7,1
soybeans,1,20.5,18.68,8.4,76.1,58,17.35,12.1,2
corn,0,13.3,13.8,-2.9,81.7,30,25.52,16.2,1
corn,0,22.0,15.53,4.2,43.6,146,13.2,17.8,2
corn,0,8.6,15.13,-13.2,59.6,106,20.81,21.8,2
soybeans,1,16.5,11.8,11.0,67.3,146,14.78,5.4,0
corn,0,15.4,12.4,-8.5,81.8,74,27.38,23.9,1
corn,0,6.1,17.86,16.0,99.0,167,36.34,-9.9,1
soybeans,1,15.7,15.24,1.4,68.8,94,16.04,14.3,2
soybeans,1,12.2,14.17,2.3,52.3,154,12.21,9.9,1
corn,0,25.2,13.24,-1.0,77.6,71,23.35,26.2,1
soybeans,1,13.3,14.78,1.7,90.5,7,24.2,11.6,1
corn,0,18.3,14.95,15.3,73.5,65,18.75,2.9,1
soybeans,1,8.0,14.61,-15.9,59.3,46,15.44,23.9,2
corn,0,17.5,16.12,14.2,85.4,18,23.1,3.3,1
corn,0,13.3,12.64,6.7,81.3,141,22.93,6.6,0
soybeans,1,11.0,12.4,-5.7,57.6,153,14.04,16.6,1
corn,0,34.4,16.08,-4.6,77.3,8,24.22,39.0,2
corn,0,13.7,18.0,17.4,86.0,74,22.74,-3.7,1
soybeans,1,14.6,15.72,-3.6,88.5,160,23.85,18.2,2
soybeans,1,21.9,16.54,-5.2,71.1,145,17.38,27.1,2
soybeans,1,11.0,14.07,13.1,67.0,102,14.52,-2.1,1
soybeans,1,18.6,14.68,6.7,89.2,79,22.7,11.9,1
corn,0,19.3,14.65,-3.5,55.1,79,17.15,22.8,1
corn,0,17.6,14.1,5.7,78.1,121,21.96,11.9,1
corn,0,30.9,16.74,-4.2,52.8,176,16.72,35.1,2
corn,0,10.8,16.21,12.8,86.9,63,24.07,-2.0,1
soybeans,1,26.0,13.48,12.5,68.4,40,14.91,13.5,1
corn,0,19.1,11.24,8.3,89.8,84,26.65,10.8,1
corn,0,21.9,14.09,6.9,78.9,15,21.98,15.0,1
corn,0,18.2,12.12,18.1,54.9,99,13.93,0.1,0
soybeans,1,28.2,14.24,4.0,91.9,134,24.83,24.2,2
corn,0,13.9,12.26,-5.5,93.7,121,34.17,19.4,1
corn,0,19.2,16.46,7.6,84.4,63,24.01,11.6,1
corn,0,24.5,15.43,20.7,61.3,136,15.02,3.8,1
soybeans,1,12.4,15.39,-4.1,67.7,128,16.33,16.5,2
corn,0,22.5,16.13,1.1,74.0,112,21.58,21.4,2
soybeans,1,15.9,14.9,7.3,62.1,111,13.9,8.5,1
soybeans,1,8.0,15.18,3.6,95.7,32,28.36,4.4,1
corn,0,6.6,16.78,-3.9,74.0,45,22.79,10.4,1
soybeans,1,15.4,13.96,13.0,34.2,122,8.19,2.4,1
soybeans,1,22.4,15.29,22.6,76.8,82,16.23,-0.1,1
soybeans,1,2.5,12.3,5.6,67.1,13,15.21,-3.1,0
corn,0,17.3,14.34,-3.2,71.0,24,21.6,20.5,1
corn,0,21.8,18.27,-8.4,66.8,168,21.65,30.2,2
soybeans,1,7.7,15.67,6.1,83.3,14,20.06,1.6,1
corn,0,11.9,14.05,12.8,87.7,70,24.45,-1.0,1
soybeans,1,19.7,14.68,7.8,76.0,62,17.36,11.9,1
soybeans,1,21.5,14.16,4.0,67.2,120,15.39,17.5,2
soybeans,1,26.4,14.62,-0.7,71.4,89,16.96,27.1,2
corn,0,12.2,13.48,-4.7,72.3,1,22.43,16.9,1
corn,0,10.7,15.09,10.7,60.8,126,16.17,0.0,1
soybeans,1,26.7,15.15,11.3,80.1,32,18.31,15.4,2
soybeans,1,11.1,14.21,-8.4,78.4,141,20.13,19.5,2
corn,0,19.3,14.45,16.7,93.6,161,27.37,2.6,1
soybeans,1,30.2,14.81,8.6,89.6,32,22.67,21.6,2
soybeans,1,20.9,13.25,15.2,62.4,56,13.34,5.7,1
corn,0,21.1,15.07,-6.7,83.5,152,27.57,27.8,2
corn,0,24.3,15.6,-6.9,58.7,91,18.86,31.2,2
corn,0,19.4,16.84,2.8,81.7,4,24.01,16.6,2
corn,0,21.1,14.77,8.0,64.8,23,17.56,13.1,1
corn,0,13.8,13.2,18.4,57.7,29,14.49,-4.6,0
soybeans,1,23.5,14.01,9.6,75.9,98,17.16,13.9,1
corn,0,18.7,12.14,2.1,34.6,149,11.48,16.6,1
corn,0,6.4,15.51,-4.2,47.5,30,15.4,10.6,1
corn,0,17.6,10.5,13.8,69.5,90,17.88,3.7,0
corn,0,1.9,16.04,-3.7,73.2,148,22.46,5.6,1
soybeans,1,20.6,16.26,17.0,66.8,144,14.18,3.6,2
corn,0,14.5,10.5,1.7,49.9,67,14.97,12.8,1
corn,0,28.4,16.5,16.7,60.5,177,15.31,11.7,1
soybeans,1,19.2,16.05,9.4,77.5,101,17.66,9.8,1
corn,0,22.0,13.68,2.9,80.1,58,23.34,19.1,1
corn,0,9.2,12.05,-0.2,71.8,172,21.13,9.3,1
corn,0,20.4,12.69,1.3,88.2,25,27.57,19.2,1
corn,0,11.8,12.83,7.4,77.6,23,21.41,4.4,0
corn,0,23.1,16.57,4.6,61.5,129,17.3,18.5,2
corn,0,8.7,13.39,-0.8,68.1,97,20.13,9.5,1
corn,0,16.7,15.83,2.7,52.4,143,15.4,14.0,2
soybeans,1,8.5,13.98,4.6,70.5,128,16.15,3.8,1
corn,0,16.8,14.3,-13.0,87.6,81,32.46,29.8,1
corn,0,29.1,11.37,7.7,81.6,169,22.84,21.5,1
soybeans,1,20.7,12.14,-3.8,91.6,172,25.87,24.5,1
corn,0,15.8,16.53,-5.2,67.8,4,21.09,21.0,2
soybeans,1,0.0,13.92,-9.5,90.8,135,26.33,9.5,1
corn,0,12.5,14.74,-10.4,69.3,46,23.04,22.9,1
soybeans,1,19.1,17.45,-6.8,92.6,9,27.18,25.9,2
corn,0,12.7,13.97,-1.7,71.7,161,21.46,14.4,1
corn,0,25.3,13.87,19.6,81.9,33,20.75,5.7,1
corn,0,16.5,16.37,-0.2,92.7,84,31.19,16.7,2
soybeans,1,23.0,14.22,5.4,69.3,132,15.77,17.6,2
corn,0,17.3,14.78,7.2,75.1,65,20.63,10.1,1
corn,0,14.2,15.99,5.0,90.0,106,27.65,9.2,1
corn,0,12.9,14.2,3.4,70.1,34,19.87,9.6,1
soybeans,1,9.4,15.62,-5.6,53.5,85,13.12,15.0,2
corn,0,23.1,13.99,15.6,99.0,88,36.46,7.5,1
soybeans,1,13.2,15.97,18.5,65.4,153,13.76,-5.2,1
corn,0,19.4,14.96,-9.5,74.2,55,24.52,28.9,1
corn,0,12.6,13.79,-4.2,88.2,137,29.29,16.8,1
corn,0,9.0,14.33,1.8,63.5,17,18.32,7.2,1
corn,0,19.6,10.5,-3.7,57.9,149,17.93,23.3,1
corn,0,11.1,16.35,8.0,75.6,141,20.62,3.1,1
corn,0,13.4,11.94,-1.8,46.9,131,14.84,15.2,1
soybeans,1,7.9,12.28,21.3,68.0,4,14.11,-13.4,0
corn,0,12.8,13.41,13.5,75.4,7,19.61,-0.7,0
corn,0,16.2,10.97,5.7,68.2,26,18.88,10.5,1
corn,0,14.1,15.04,12.2,50.4,24,13.66,1.9,1
corn,0,21.3,14.85,12.8,94.3,10,28.94,8.5,1
corn,0,16.9,13.32,-0.5,73.4,13,21.76,17.5,1
corn,0,36.1,12.98,-2.5,92.0,125,31.47,38.6,1
corn,0,18.8,12.95,4.6,68.4,172,19.12,14.1,1
soybeans,1,4.7,15.31,10.9,59.7,39,13.08,-6.2,1
soybeans,1,14.6,11.33,5.1,75.8,147,17.59,9.5,1
corn,0,15.2,13.46,-8.6,69.0,179,22.41,23.8,1
corn,0,12.0,11.45,-2.4,55.5,19,17.06,14.4,1
soybeans,1,16.5,15.58,3.4,92.6,76,25.39,13.1,1
corn,0,11.8,13.59,3.4,63.3,52,17.97,8.4,0
corn,0,18.2,15.18,19.8,46.2,175,12.03,-1.6,1
corn,0,3.6,16.45,-7.1,90.6,120,32.04,10.7,1
soybeans,1,23.4,16.48,8.0,64.9,158,14.47,15.4,2
soybeans,1,5.7,12.36,15.9,63.5,46,13.52,-10.2,0
corn,0,14.3,14.76,22.2,47.3,149,12.01,-7.9,1
corn,0,11.2,16.22,0.8,96.4,75,35.1,10.5,1
corn,0,18.0,15.45,7.9,53.9,124,14.99,10.1,1
soybeans,1,14.8,15.63,8.6,72.8,48,16.39,6.3,1
corn,0,17.6,10.99,5.6,84.8,62,24.67,12.1,1
corn,0,23.2,15.43,3.2,77.9,58,22.43,20.0,2
soybeans,1,21.0,12.77,7.5,71.2,18,16.05,13.5,1
corn,0,16.2,15.4,-16.3,48.2,108,18.0,32.5,2
soybeans,1,19.0,15.36,9.5,60.7,48,13.4,9.5,1
corn,0,28.7,15.26,5.0,74.6,63,20.93,23.7,2
corn,0,21.2,14.0,2.2,61.0,12,17.58,19.0,1
corn,0,14.1,16.57,20.4,74.8,34,18.39,-6.3,1
soybeans,1,24.3,15.12,-1.4,81.5,102,20.32,25.7,2
soybeans,1,18.5,14.78,0.8,85.5,87,21.66,17.8,2
soybeans,1,9.7,12.52,19.9,54.8,25,11.51,-10.2,0
corn,0,14.8,14.91,-2.7,99.0,132,43.47,17.5,1
soybeans,1,6.4,17.76,-0.4,82.7,141,20.65,6.8,1
corn,0,1.1,11.7,2.8,72.0,170,20.54,-1.7,0
corn,0,9.8,15.51,10.7,87.3,49,24.68,-0.9,1
soybeans,1,16.8,15.74,5.7,99.0,78,35.04,11.1,1
corn,0,16.8,17.31,-6.3,51.9,175,16.91,23.2,2
corn,0,6.8,15.51,-0.3,68.8,136,20.25,7.1,1
corn,0,0.5,14.22,-0.9,38.7,55,12.79,1.4,1
corn,0,25.6,14.96,3.4,74.7,18,21.29,22.2,1
corn,0,16.6,13.72,7.4,77.1,35,21.26,9.2,1
corn,0,26.1,16.39,7.3,71.5,160,19.5,18.8,2
corn,0,25.7,11.41,-10.2,62.8,152,20.92,35.9,1
soybeans,1,20.8,13.32,12.5,43.3,7,9.83,8.3,1
soybeans,1,16.4,15.0,6.0,77.2,13,17.94,10.4,1
corn,0,13.4,16.31,15.1,92.4,126,26.8,-1.7,1
corn,0,20.7,14.18,7.6,63.7,112,17.37,13.1,1
corn,0,15.0,12.79,12.8,78.2,69,20.6,2.2,0
corn,0,12.2,13.82,7.7,50.0,100,14.15,4.4,0
corn,0,2.4,13.54,14.8,78.4,90,20.34,-12.4,0
soybeans,1,15.5,13.62,8.2,66.5,42,14.82,7.3,1
corn,0,23.1,13.42,3.2,61.3,109,17.49,19.9,1
corn,0,24.2,13.42,22.2,61.4,159,14.85,2.0,1
corn,0,16.3,11.11,11.1,66.5,110,17.51,5.2,0
corn,0,10.2,14.74,8.6,77.4,26,21.11,1.6,1
soybeans,1,21.9,15.41,-6.2,53.6,76,13.2,28.1,2
soybeans,1,15.9,16.9,-6.3,66.4,32,16.24,22.2,2
corn,0,13.6,15.75,6.3,71.4,91,19.68,7.3,1
soybeans,1,6.5,15.66,5.2,56.6,125,12.88,1.4,1
corn,0,29.7,14.73,-0.9,97.2,126,37.12,30.6,1
soybeans,1,20.8,11.03,5.1,60.1,52,13.62,15.7,1
soybeans,1,21.5,14.7,16.7,62.6,148,13.28,4.8,1
corn,0,10.4,14.4,9.6,58.3,103,15.75,0.8,1
corn,0,16.5,16.05,-5.1,97.2,105,39.01,21.6,2
corn,0,15.5,15.22,3.1,79.7,168,23.14,12.4,1
corn,0,21.1,13.97,-2.4,58.9,14,17.93,23.5,1
soybeans,1,24.8,17.72,0.9,87.5,172,22.61,23.9,2
corn,0,6.7,15.73,0.7,74.8,104,21.93,6.0,1
corn,0,9.0,14.81,0.2,75.6,117,22.32,8.8,1
soybeans,1,20.2,15.02,-6.0,67.2,48,16.41,26.2,2
soybeans,1,12.7,14.31,3.0,61.5,93,14.13,9.7,1
corn,0,21.3,14.23,-0.5,76.7,171,22.89,21.8,1
corn,0,13.6,10.5,-18.0,64.4,144,22.92,31.6,1
corn,0,7.9,12.55,20.4,97.4,110,31.04,-12.5,0
corn,0,4.6,13.23,12.7,54.2,163,14.42,-8.1,0
soybeans,1,19.1,15.01,1.0,93.5,53,26.55,18.2,2
corn,0,19.3,11.23,4.2,70.4,162,19.81,15.2,1
corn,0,22.3,13.26,-5.4,76.2,3,24.0,27.7,1
corn,0,18.1,13.03,17.6,83.7,68,21.75,0.6,0
corn,0,0.0,14.41,19.2,63.2,133,15.61,-19.2,1
soybeans,1,19.3,15.02,5.3,84.1,138,20.48,14.0,2
soybeans,1,6.5,13.04,12.2,34.1,52,8.22,-5.7,1
corn,0,3.9,13.17,5.4,61.9,157,17.27,-1.5,0
corn,0,3.1,12.98,-6.7,59.1,96,18.91,9.8,1
corn,0,2.5,13.5,0.7,54.5,31,16.22,1.8,0
soybeans,1,17.8,14.11,5.1,69.0,66,15.72,12.8,1
soybeans,1,11.2,16.57,0.4,77.4,91,18.63,10.9,1
corn,0,6.1,12.38,2.3,81.8,69,24.19,3.9,0
soybeans,1,16.2,17.35,3.3,75.4,165,17.67,12.9,1
soybeans,1,8.8,11.98,3.4,62.7,155,14.36,5.5,0
corn,0,22.4,15.92,4.4,77.2,87,21.9,18.0,2
soybeans,1,25.4,13.34,-4.5,73.7,33,18.07,29.9,1
corn,0,14.6,12.56,-1.7,85.1,68,26.78,16.3,1
corn,0,25.0,16.57,-6.3,82.9,88,27.11,31.2,2
corn,0,24.9,14.35,11.8,72.4,172,19.0,13.1,1
corn,0,16.5,14.28,-12.8,59.4,95,20.65,29.4,1
corn,0,27.3,13.7,13.2,62.9,108,16.3,14.0,1
soybeans,1,12.0,13.15,15.1,64.3,177,13.76,-3.1,1
corn,0,3.3,13.88,1.6,67.6,53,19.5,1.7,0
soybeans,1,5.9,10.5,-16.8,75.8,74,20.17,22.7,1
corn,0,11.7,10.86,1.1,82.0,49,24.55,10.6,1
corn,0,19.5,14.91,3.5,71.3,113,20.2,16.0,1
corn,0,8.5,16.33,-4.1,72.2,114,22.24,12.6,1
corn,0,11.6,16.65,-0.1,74.0,95,21.85,11.7,1
soybeans,1,7.9,12.48,16.2,64.8,25,13.78,-8.4,0
corn,0,11.8,14.55,9.3,59.0,132,15.96,2.4,1
corn,0,24.7,10.5,-3.4,47.4,179,15.24,28.1,1
corn,0,18.3,13.57,-8.8,62.3,139,20.35,27.1,1
soybeans,1,12.2,15.68,1.4,78.6,145,18.92,10.9,1
soybeans,1,23.9,14.17,2.3,62.2,108,14.33,21.6,2
soybeans,1,16.2,13.6,8.0,68.7,69,15.37,8.2,1
corn,0,16.9,14.18,-0.3,78.5,84,23.51,17.2,1
corn,0,23.4,16.51,8.1,79.3,157,21.89,15.3,2
corn,0,13.8,13.76,19.5,56.9,85,14.2,-5.7,0
corn,0,22.0,14.33,10.5,86.0,119,24.1,11.4,1
corn,0,21.5,16.93,3.6,87.8,72,26.69,17.9,2
corn,0,15.1,13.79,2.5,56.2,20,16.33,12.5,1
corn,0,6.9,11.25,1.1,60.5,27,17.65,5.8,0
corn,0,16.1,16.66,13.4,88.7,8,24.84,2.6,1
soybeans,1,23.4,16.03,-1.0,69.9,85,16.59,24.4,2
corn,0,21.3,10.5,4.4,40.9,61,12.6,17.0,1
corn,0,27.1,13.97,4.4,52.4,156,15.14,22.7,1
soybeans,1,12.8,14.16,-0.0,68.5,3,16.1,12.8,1
corn,0,21.1,16.66,-7.0,55.7,7,18.06,28.0,2
soybeans,1,9.5,14.17,6.6,66.2,4,14.9,2.9,1
corn,0,17.3,14.5,3.5,72.5,133,20.55,13.8,1
corn,0,23.2,14.55,8.0,92.5,139,28.59,15.2,1
soybeans,1,21.9,13.36,-0.3,67.9,125,15.98,22.2,1
soybeans,1,16.7,16.54,13.8,87.0,15,20.72,2.9,1
soybeans,1,14.3,12.77,-3.0,92.0,13,26.01,17.3,1
corn,0,9.5,13.33,17.7,92.1,118,26.03,-8.2,0
corn,0,14.5,14.19,-10.0,76.0,7,25.37,24.5,1
corn,0,7.5,11.79,7.5,44.5,104,12.99,0.0,0
corn,0,13.8,17.38,7.8,78.5,6,21.65,6.0,1
soybeans,1,4.3,14.2,-2.4,86.7,64,22.68,6.6,1
corn,0,7.4,15.68,7.4,70.9,178,19.32,0.0,1
soybeans,1,21.5,12.48,14.2,96.4,30,27.56,7.3,0
corn,0,20.8,15.48,-13.7,84.0,22,30.63,34.6,2
corn,0,14.1,15.63,8.0,80.0,153,22.14,6.1,1
corn,0,16.4,15.89,-15.9,87.2,156,33.19,32.4,2
soybeans,1,17.3,17.63,-3.7,76.7,118,18.9,21.0,2
soybeans,1,19.0,13.2,17.0,37.1,84,8.51,2.0,1
soybeans,1,18.3,13.86,-0.7,65.0,167,15.29,19.0,1
soybeans,1,7.3,12.68,-5.4,88.8,133,24.27,12.7,1
soybeans,1,0.1,14.03,2.4,60.7,143,13.99,-2.3,1
soybeans,1,9.4,15.4,20.5,68.9,90,14.38,-11.2,1
corn,0,15.0,15.3,-10.7,57.4,168,19.43,25.7,2
corn,0,22.2,17.15,-4.4,97.0,121,38.27,26.7,2
corn,0,17.5,15.08,16.0,95.5,106,29.45,1.5,1
soybeans,1,19.5,14.2,18.9,59.6,69,12.51,0.6,1
soybeans,1,10.2,12.23,3.2,74.1,95,17.29,7.0,0
corn,0,15.5,15.76,-5.9,62.5,77,19.69,21.5,2
soybeans,1,16.4,13.92,20.8,80.6,171,17.55,-4.3,1
soybeans,1,11.1,15.8,16.8,79.1,1,17.45,-5.7,1
corn,0,9.0,13.44,9.4,83.4,150,23.18,-0.4,0
corn,0,14.5,16.36,-2.5,76.6,62,23.37,17.0,2
soybeans,1,20.3,14.9,3.6,99.0,154,35.48,16.7,2
corn,0,10.1,15.99,2.7,57.6,18,16.65,7.4,1
soybeans,1,14.6,14.89,6.6,48.1,48,11.07,8.0,1
corn,0,24.8,12.53,15.6,66.5,137,16.86,9.2,1
soybeans,1,12.6,13.54,11.0,50.0,1,11.16,1.6,1
soybeans,1,16.0,11.9,-4.6,51.1,137,12.52,20.7,1
soybeans,1,15.3,14.53,15.0,58.0,151,12.44,0.3,1
corn,0,14.8,11.57,6.5,59.1,107,16.39,8.3,0
soybeans,1,26.8,14.73,9.5,58.6,173,12.97,17.3,2
soybeans,1,18.0,10.5,15.7,79.3,130,17.59,2.3,0
corn,0,5.8,15.66,-4.9,64.9,142,20.15,10.7,1
soybeans,1,25.9,12.21,3.7,69.5,38,15.98,22.2,1
corn,0,17.8,12.48,-0.3,84.5,40,26.06,18.0,1
corn,0,13.6,16.67,-8.5,61.3,82,20.0,22.1,2
corn,0,24.8,14.78,6.8,68.3,16,18.71,18.0,1
corn,0,10.9,15.72,24.1,77.1,127,18.54,-13.2,1
corn,0,27.2,12.39,-10.7,44.8,117,16.02,37.9,1
soybeans,1,16.6,15.93,3.7,38.6,93,9.47,12.9,1
corn,0,22.5,13.95,9.1,76.8,134,20.84,13.4,1
soybeans,1,35.9,14.41,5.0,78.9,3,18.59,31.0,2
corn,0,17.2,16.88,3.1,99.0,14,40.86,14.1,2
corn,0,15.4,12.11,-6.4,74.2,66,23.57,21.8,1
corn,0,9.1,15.84,5.9,83.5,95,24.02,3.2,1
soybeans,1,15.2,14.89,-2.1,69.3,86,16.52,17.3,2
corn,0,9.3,13.82,-13.5,76.2,114,26.74,22.8,1
soybeans,1,14.8,12.23,13.6,95.3,159,26.35,1.2,0
soybeans,1,34.8,13.8,11.7,42.3,161,9.69,23.1,1
soybeans,1,16.8,12.73,4.4,77.8,129,18.29,12.4,1
corn,0,12.4,16.34,5.8,99.0,172,39.77,6.6,1
corn,0,14.6,14.37,12.6,75.9,15,19.93,2.0,1
soybeans,1,13.3,12.98,5.8,95.1,37,27.31,7.5,0
corn,0,22.8,11.61,11.2,63.2,155,16.67,11.6,1
soybeans,1,15.4,13.37,1.6,71.6,176,16.75,13.8,1
corn,0,26.5,16.43,14.5,72.5,27,18.59,12.0,1
soybeans,1,13.9,14.4,6.6,41.0,12,9.74,7.4,1
soybeans,1,14.4,13.88,5.6,55.6,67,12.65,8.8,1
soybeans,1,10.2,17.26,-6.2,56.6,30,13.87,16.3,2
corn,0,13.5,13.45,6.3,83.5,96,23.93,7.2,0
soybeans,1,4.7,12.75,-2.7,84.2,135,21.58,7.4,0
corn,0,2.2,14.93,-1.1,76.5,34,22.97,3.3,1
corn,0,20.1,14.96,-2.5,83.5,32,26.25,22.6,1
soybeans,1,4.7,13.14,-4.5,69.7,117,16.91,9.2,1
soybeans,1,18.6,12.76,21.0,88.8,39,20.78,-2.4,0
soybeans,1,12.7,16.8,14.7,72.1,96,15.65,-1.9,1
soybeans,1,22.1,13.42,19.4,72.8,171,15.43,2.7,1
corn,0,4.8,11.59,-5.8,68.3,171,21.4,10.6,1
corn,0,19.9,14.55,4.6,81.6,131,23.52,15.3,1
soybeans,1,18.2,15.81,-6.3,66.1,174,16.16,24.5,2
corn,0,18.4,13.86,-1.6,85.7,160,27.02,19.9,1
corn,0,23.3,15.17,-3.3,56.1,43,17.4,26.7,2
corn,0,16.5,12.31,13.9,56.6,81,14.79,2.5,0
corn,0,0.1,15.33,0.8,81.6,3,24.46,-0.7,1
corn,0,18.9,12.48,12.5,70.8,74,18.42,6.4,0
corn,0,18.1,14.75,8.8,65.6,117,17.65,9.2,1
corn,0,14.4,15.58,22.4,84.5,63,21.26,-8.0,1
corn,0,10.5,14.38,-7.8,63.5,111,20.47,18.4,1
soybeans,1,13.7,11.98,14.1,69.2,40,14.97,-0.4,0
corn,0,25.5,12.05,13.2,91.6,18,26.67,12.3,1
corn,0,10.0,17.07,-3.8,93.5,67,33.33,13.8,1
soybeans,1,4.7,12.82,12.1,94.0,103,25.28,-7.4,0
corn,0,6.5,15.58,6.7,68.1,138,18.66,-0.2,1
soybeans,1,15.8,14.41,2.2,89.2,46,23.37,13.6,1
soybeans,1,26.9,12.39,-2.6,58.7,55,14.0,29.5,1
corn,0,30.3,13.24,-1.8,59.3,174,17.9,32.1,1
corn,0,20.2,17.26,20.4,39.1,75,10.62,-0.2,2
soybeans,1,9.6,20.48,4.0,95.4,97,27.96,5.6,1
soybeans,1,10.3,13.63,10.3,59.9,26,13.18,0.1,1
corn,0,21.7,13.5,-2.3,70.2,155,21.15,24.0,1
soybeans,1,24.7,11.25,-2.2,59.3,166,14.09,26.9,1
corn,0,11.8,11.23,12.7,81.7,22,21.89,-0.8,0
soybeans,1,25.3,12.66,-6.8,66.7,26,16.38,32.1,1
corn,0,14.5,13.4,0.7,53.7,163,16.05,13.8,1
soybeans,1,20.6,14.15,4.3,78.2,73,18.44,16.4,2
soybeans,1,23.4,15.44,4.9,51.9,115,11.95,18.6,2
soybeans,1,6.4,14.6,2.6,60.3,51,13.88,3.8,1
corn,0,18.9,15.47,7.2,42.5,113,12.6,11.8,1
corn,0,25.3,13.09,9.5,52.1,146,14.35,15.7,1
corn,0,12.4,14.07,9.9,74.5,171,19.95,2.5,1
corn,0,9.1,13.54,-3.9,44.5,12,14.62,13.0,1
corn,0,19.2,11.92,1.7,51.3,3,15.29,17.5,1
soybeans,1,16.9,10.65,13.6,72.0,120,15.71,3.3,0
corn,0,13.9,13.0,11.2,64.4,135,16.97,2.7,0
corn,0,16.0,10.5,-7.0,99.0,134,45.77,23.0,1
soybeans,1,5.1,12.16,6.8,97.7,82,30.9,-1.7,0
soybeans,1,18.6,15.18,-11.8,59.8,45,15.2,30.5,2
soybeans,1,26.4,14.52,4.4,79.8,127,18.97,22.0,2
soybeans,1,11.4,14.24,19.2,82.5,86,18.33,-7.8,1
corn,0,10.6,16.32,-3.6,63.6,115,19.48,14.2,2
corn,0,17.1,12.89,-2.7,51.1,167,16.0,19.8,1
soybeans,1,34.5,15.43,10.1,71.8,179,15.98,24.4,2
soybeans,1,23.1,12.75,-8.3,69.6,9,17.33,31.5,1
corn,0,15.4,14.7,-1.1,65.9,151,19.57,16.4,1
soybeans,1,16.3,14.48,8.8,78.2,12,17.95,7.5,1
corn,0,23.8,14.57,-1.1,61.5,116,18.35,24.9,1
corn,0,10.1,13.5,2.1,55.9,88,16.33,8.0,0
corn,0,20.0,14.77,10.0,73.5,62,19.65,10.0,1
corn,0,8.7,14.92,7.4,77.4,104,21.37,1.4,1
corn,0,22.0,11.62,6.1,55.5,73,15.61,15.9,1
corn,0,14.1,15.73,1.3,85.0,77,25.86,12.8,1
soybeans,1,17.3,11.98,7.0,47.2,40,10.89,10.3,1
corn,0,13.7,12.62,3.0,63.9,135,18.2,10.7,1
corn,0,20.5,14.64,7.7,68.4,17,18.58,12.9,1
soybeans,1,14.9,15.28,0.0,63.1,119,14.76,14.8,2
soybeans,1,30.0,14.6,2.5,64.1,126,14.76,27.5,2
soybeans,1,25.2,14.79,-3.9,98.2,178,34.36,29.1,2
soybeans,1,7.5,12.15,3.7,60.1,24,13.74,3.8,0
soybeans,1,17.2,13.26,-2.5,99.0,2,36.89,19.7,1
corn,0,20.8,10.51,-4.9,78.1,92,24.61,25.7,1
corn,0,13.0,12.55,6.1,73.3,161,20.29,7.0,0
corn,0,23.9,11.79,5.7,78.7,149,22.16,18.2,1
corn,0,23.1,14.22,10.3,99.0,117,38.17,12.9,1
corn,0,15.5,18.44,0.6,58.1,53,17.15,14.9,2
soybeans,1,22.4,15.57,7.3,56.3,46,12.66,15.1,2
corn,0,0.3,10.5,8.4,61.4,45,16.66,-8.1,0
corn,0,24.8,11.47,7.6,72.5,9,19.76,17.3,1
corn,0,21.8,11.86,-2.6,47.8,6,15.2,24.4,1
soybeans,1,8.9,11.04,5.2,72.3,51,16.59,3.7,0
corn,0,17.6,13.69,6.9,95.7,119,32.1,10.7,1
soybeans,1,2.8,14.61,4.1,74.1,35,17.21,-1.2,1
corn,0,11.0,11.87,-12.7,67.9,82,23.32,23.7,1
corn,0,23.1,13.8,5.3,63.3,147,17.65,17.8,1
corn,0,15.9,14.6,21.7,84.6,25,21.43,-5.8,1
soybeans,1,15.6,15.46,1.1,60.4,139,14.05,14.4,2
corn,0,16.3,14.48,-1.8,97.8,17,39.06,18.1,1
soybeans,1,15.5,14.79,7.0,99.0,36,34.76,8.5,1
corn,0,22.4,14.13,6.5,75.6,96,20.94,15.9,1
corn,0,12.0,12.37,13.5,71.8,21,18.56,-1.6,0
soybeans,1,18.7,12.77,-6.1,86.4,18,23.13,24.8,1
soybeans,1,8.6,11.82,9.9,87.3,146,21.34,-1.3,0
soybeans,1,20.8,16.9,8.7,60.7,1,13.47,12.1,2
soybeans,1,13.9,11.56,2.9,64.6,142,14.86,11.0,1
soybeans,1,15.7,15.91,6.7,53.5,136,12.13,9.0,1
soybeans,1,13.6,11.57,12.2,77.7,51,17.45,1.4,0
soybeans,1,14.5,15.58,11.0,81.3,79,18.76,3.5,1
soybeans,1,9.5,15.95,-5.1,53.1,162,12.99,14.6,2
soybeans,1,18.1,16.27,10.6,65.6,36,14.42,7.6,1
soybeans,1,19.6,12.33,3.5,53.1,62,12.29,16.1,1
soybeans,1,7.4,14.5,4.6,59.4,129,13.53,2.8,1
corn,0,12.1,13.12,4.6,79.7,85,22.79,7.5,0
soybeans,1,16.2,12.6,2.8,61.7,42,14.19,13.4,1
soybeans,1,12.1,14.28,13.5,67.8,1,14.68,-1.4,1
corn,0,14.6,15.67,3.3,49.2,54,14.58,11.2,1
soybeans,1,26.5,13.13,-5.0,74.6,175,18.4,31.5,1
corn,0,9.4,14.79,0.9,71.4,100,20.78,8.5,1
corn,0,1.0,12.57,5.4,61.8,39,17.23,-4.5,0
soybeans,1,12.1,12.32,13.8,69.4,158,15.03,-1.7,0
corn,0,13.9,13.62,8.8,74.5,7,20.15,5.0,0
soybeans,1,12.8,13.72,-2.8,60.6,150,14.45,15.6,1
soybeans,1,17.7,15.4,23.9,51.3,121,10.64,-6.1,1
corn,0,9.3,11.95,6.1,97.3,178,34.77,3.2,0
corn,0,8.4,18.09,14.2,63.1,45,16.24,-5.8,1
corn,0,11.6,10.97,2.8,70.6,74,20.15,8.8,0
soybeans,1,11.7,14.61,8.3,86.2,120,20.99,3.5,1
soybeans,1,29.8,13.69,10.7,99.0,72,34.01,19.1,1
soybeans,1,26.1,13.03,13.7,54.6,138,11.85,12.3,1
corn,0,5.1,13.88,12.5,78.3,142,20.71,-7.3,0
soybeans,1,3.5,15.41,11.0,62.1,46,13.59,-7.5,1
corn,0,15.4,15.69,1.5,64.5,123,18.64,14.0,1
soybeans,1,28.4,13.81,-0.6,61.9,118,14.54,29.0,1
corn,0,20.3,14.8,6.7,56.2,75,15.69,13.7,1
soybeans,1,15.8,11.81,11.5,71.4,6,15.75,4.3,0
corn,0,13.0,13.87,2.2,51.4,21,15.24,10.8,1
soybeans,1,23.0,14.91,12.5,85.3,147,20.09,10.5,1
corn,0,17.2,10.5,15.6,72.8,103,18.5,1.5,0
soybeans,1,27.3,14.35,-3.3,77.9,88,19.26,30.6,2
soybeans,1,5.0,13.9,-2.7,65.5,99,15.61,7.7,1
corn,0,18.8,16.49,2.9,66.9,62,19.03,15.9,2
soybeans,1,12.3,14.5,6.5,76.0,107,17.52,5.9,1
soybeans,1,18.7,15.06,-0.2,55.7,83,13.12,18.9,2
corn,0,17.6,13.71,14.8,67.0,152,17.09,2.8,0
corn,0,19.3,15.34,7.4,60.0,56,16.47,11.9,1
soybeans,1,22.4,15.21,4.3,59.5,162,13.57,18.0,2
corn,0,25.0,11.85,-7.5,42.5,22,14.76,32.5,1
corn,0,28.7,14.76,-6.5,90.8,68,31.94,35.2,1
corn,0,16.1,16.33,6.2,62.4,10,17.25,9.9,1
soybeans,1,12.5,15.97,-13.1,88.3,66,25.36,25.5,2
corn,0,8.0,14.25,12.1,87.0,8,24.24,-4.1,1
soybeans,1,18.8,14.78,2.7,54.0,123,12.53,16.1,2
soybeans,1,21.4,15.85,29.9,56.8,38,11.29,-8.5,2
soybeans,1,7.2,12.15,22.5,99.0,123,31.91,-15.2,0
soybeans,1,23.4,15.05,2.5,96.5,62,29.66,20.9,2
corn,0,15.3,10.65,3.1,71.6,156,20.35,12.2,1
soybeans,1,7.8,15.75,12.0,75.6,138,16.85,-4.1,1
corn,0,10.5,13.51,17.6,63.2,45,15.8,-7.1,0
corn,0,9.9,14.04,-9.1,78.1,65,25.91,19.0,1
corn,0,10.0,13.2,-10.3,62.0,67,20.67,20.3,1
corn,0,19.7,14.13,-1.0,43.5,137,13.92,20.7,1
soybeans,1,21.6,14.66,8.7,53.5,133,11.99,13.0,1
soybeans,1,27.0,15.56,8.0,72.3,106,16.31,19.1,2
corn,0,11.5,16.54,12.6,56.2,138,14.86,-1.1,1
corn,0,18.2,14.29,-5.6,71.1,140,22.25,23.8,1
soybeans,1,11.8,11.21,-14.5,57.0,82,14.81,26.3,1
corn,0,16.1,16.55,10.9,61.0,58,16.21,5.3,1
corn,0,6.4,11.55,-2.6,83.9,149,26.47,9.0,1
corn,0,8.7,13.44,-12.1,75.5,149,25.93,20.8,1
soybeans,1,21.2,13.32,5.2,71.9,131,16.47,16.1,1
soybeans,1,6.4,14.22,10.3,84.3,69,19.95,-4.0,1
corn,0,20.0,11.93,3.0,78.7,89,22.78,17.0,1
corn,0,11.6,11.84,0.3,92.3,64,30.67,11.3,1
soybeans,1,3.5,14.16,2.7,65.6,177,15.09,0.8,1
soybeans,1,0.0,12.76,1.0,66.0,72,15.36,-1.0,0
corn,0,25.5,16.62,-6.8,53.8,17,17.51,32.3,2
soybeans,1,3.6,13.21,-1.7,66.0,73,15.64,5.3,1
corn,0,15.6,12.35,8.2,85.5,160,24.4,7.4,0
corn,0,18.3,17.21,6.6,90.2,70,27.35,11.7,1
soybeans,1,7.5,15.05,5.3,85.4,113,21.04,2.1,1
corn,0,12.4,19.09,-4.0,46.9,21,15.21,16.4,2
soybeans,1,19.1,10.74,2.5,87.2,135,22.21,16.6,1
corn,0,17.9,14.57,-13.4,46.3,7,17.04,31.3,1
corn,0,13.0,15.07,5.4,84.6,111,24.61,7.6,1
soybeans,1,17.5,14.25,15.4,66.9,27,14.31,2.1,1
corn,0,15.3,13.55,-7.8,81.8,8,27.14,23.1,1
soybeans,1,9.7,16.44,-0.7,53.3,28,12.67,10.4,1
corn,0,23.8,15.04,6.6,88.4,47,26.25,17.2,2
corn,0,17.3,11.16,14.0,51.5,86,13.68,3.3,0
corn,0,4.0,12.64,0.4,62.6,10,18.36,3.6,0
soybeans,1,19.4,12.1,-1.5,58.0,114,13.75,20.9,1
corn,0,12.0,13.98,-11.8,47.4,33,16.96,23.8,1
soybeans,1,14.1,15.91,4.8,73.3,135,16.91,9.3,1
corn,0,16.1,13.52,20.3,97.3,131,30.8,-4.3,0
soybeans,1,10.8,13.74,6.2,99.0,14,34.92,4.6,1
corn,0,27.7,12.44,3.8,73.4,172,20.77,23.9,1
soybeans,1,6.3,15.57,6.6,87.6,46,21.9,-0.3,1
soybeans,1,16.4,16.42,3.9,75.2,61,17.56,12.5,1
soybeans,1,18.5,14.14,-2.5,79.0,164,19.53,21.0,2
soybeans,1,16.3,17.04,10.6,67.2,13,14.79,5.7,1
soybeans,1,14.8,13.22,5.8,74.7,16,17.21,9.0,1
soybeans,1,13.5,11.69,4.1,79.5,133,18.9,9.4,1
corn,0,10.8,15.65,-3.8,63.9,38,19.6,14.6,2
corn,0,10.7,14.03,14.4,70.9,178,18.17,-3.8,1
soybeans,1,23.5,13.15,9.3,71.2,38,15.89,14.2,1
soybeans,1,13.1,14.34,-0.4,83.6,103,20.99,13.6,1
soybeans,1,29.9,11.35,12.0,57.1,56,12.47,17.8,1
corn,0,20.3,11.05,0.0,71.3,63,20.94,20.3,1
corn,0,0.0,14.37,-2.3,98.8,120,42.21,2.3,1
corn,0,21.7,14.98,-2.1,88.3,48,28.66,23.8,1
soybeans,1,15.7,16.71,-10.2,90.9,105,26.49,25.8,2
corn,0,7.0,15.8,7.8,72.3,59,19.68,-0.8,1
corn,0,24.5,15.34,-10.6,76.5,77,25.81,35.1,2
corn,0,13.2,16.49,-5.8,86.0,172,28.59,19.0,2
corn,0,12.6,15.08,-12.6,93.8,127,37.7,25.2,2
corn,0,18.4,13.58,3.3,44.7,55,13.56,15.1,1
corn,0,23.4,15.84,2.8,53.6,55,15.67,20.6,2
soybeans,1,16.7,15.78,1.4,90.3,129,24.14,15.4,2
corn,0,16.3,14.19,-4.3,68.1,136,20.98,20.6,1
corn,0,11.5,12.04,-5.4,62.6,127,19.6,16.8,1
corn,0,23.3,10.99,7.7,54.4,132,15.13,15.6,1
corn,0,16.8,15.72,-0.4,64.2,85,18.96,17.2,2
corn,0,14.5,15.06,6.5,52.4,115,14.83,8.0,1
corn,0,13.7,15.31,-3.1,99.0,58,43.68,16.8,2
soybeans,1,22.7,15.78,5.4,71.7,37,16.39,17.2,2
corn,0,14.3,12.58,14.4,71.2,49,18.24,-0.1,0
soybeans,1,22.7,10.82,8.7,80.2,67,18.63,14.0,1
soybeans,1,12.9,15.13,0.7,85.5,19,21.67,12.2,1
soybeans,1,20.7,16.36,6.1,85.2,129,20.86,14.6,2
corn,0,17.3,14.83,2.1,87.0,29,26.69,15.3,1
corn,0,9.8,11.52,4.1,63.2,87,17.82,5.8,0
corn,0,15.4,14.63,1.4,67.8,33,19.6,14.0,1
corn,0,1.8,12.18,2.7,82.8,119,24.48,-0.9,0
soybeans,1,11.2,11.42,5.7,64.6,169,14.6,5.5,0
corn,0,5.7,14.19,-3.9,71.9,151,22.1,9.7,1
corn,0,29.0,14.49,-4.1,77.6,133,24.17,33.1,1
soybeans,1,5.8,14.02,-7.1,83.0,71,21.71,12.9,1
soybeans,1,32.8,14.99,-8.8,47.1,134,12.04,41.6,2
corn,0,19.3,12.78,-5.7,82.0,177,26.53,25.1,1
corn,0,12.6,14.35,5.3,68.7,22,19.1,7.4,1
corn,0,21.2,13.33,-3.1,81.9,77,25.68,24.4,1
corn,0,11.8,13.75,8.1,82.9,4,23.26,3.7,0
corn,0,6.8,14.68,4.3,94.5,72,31.52,2.6,1
corn,0,16.5,16.11,-11.7,90.9,165,34.39,28.3,2
corn,0,20.6,14.73,9.2,90.9,159,27.1,11.3,1
corn,0,24.3,15.32,10.5,92.2,165,27.75,13.8,1
corn,0,19.2,14.22,-4.0,76.1,128,23.56,23.2,1
corn,0,12.6,15.08,7.4,72.5,45,19.79,5.2,1
corn,0,25.0,16.06,-2.9,84.2,136,26.67,27.9,2
soybeans,1,23.6,17.58,4.8,82.2,168,19.8,18.8,2
soybeans,1,17.7,16.38,-6.1,67.7,93,16.55,23.9,2
corn,0,23.9,14.1,-10.3,77.7,5,26.19,34.2,1
corn,0,30.2,16.26,0.9,71.5,156,20.8,29.3,2
corn,0,12.5,15.19,3.0,60.0,104,17.21,9.5,1
soybeans,1,10.2,13.11,0.8,90.1,81,24.07,9.3,1
soybeans,1,12.3,15.21,-5.5,72.8,87,17.9,17.7,2
corn,0,7.2,12.17,0.8,99.0,137,41.85,6.4,0
soybeans,1,19.8,15.22,6.2,49.2,130,11.33,13.7,1
corn,0,5.5,17.35,3.6,64.2,63,18.17,1.9,1
corn,0,24.2,15.68,5.5,72.5,51,20.16,18.8,2
soybeans,1,11.6,16.35,-1.4,87.9,116,23.17,13.0,1
soybeans,1,24.8,13.52,13.4,77.6,113,17.3,11.5,1
soybeans,1,0.0,15.07,-5.4,76.3,31,19.01,5.4,1
soybeans,1,13.5,15.46,7.9,56.2,7,12.59,5.6,1
corn,0,7.6,13.65,13.5,55.8,158,14.67,-5.9,0
soybeans,1,24.8,15.43,7.8,76.5,3,17.53,16.9,2
corn,0,26.9,15.02,2.4,52.9,51,15.57,24.5,2
soybeans,1,0.8,15.45,-0.2,64.6,56,15.13,1.0,1
corn,0,21.6,12.35,12.3,79.0,73,20.98,9.3,1
soybeans,1,22.9,16.5,-7.4,58.2,10,14.35,30.3,2
corn,0,18.1,15.01,-3.8,94.5,61,34.32,21.9,2
soybeans,1,19.8,13.99,0.8,89.1,50,23.51,19.0,1
corn,0,19.4,14.03,13.9,50.0,122,13.39,5.5,1
soybeans,1,21.7,14.13,7.0,58.9,175,13.23,14.6,2
corn,0,8.9,12.71,-3.7,40.0,1,13.52,12.6,1
corn,0,23.8,16.34,1.5,61.0,38,17.73,22.3,2
corn,0,17.4,15.93,-0.9,82.7,79,25.41,18.3,2
corn,0,17.0,16.05,-1.7,66.2,89,19.79,18.6,2
soybeans,1,19.7,16.92,11.8,78.5,82,17.72,7.9,1
corn,0,7.7,14.54,-7.0,50.7,67,16.74,14.7,1
soybeans,1,5.9,11.22,16.9,83.2,17,18.81,-11.0,0
corn,0,15.2,15.33,10.6,64.2,127,17.01,4.6,1
corn,0,26.0,15.26,12.7,72.2,112,18.78,13.3,1
soybeans,1,8.3,17.0,0.3,70.7,136,16.65,8.0,1
soybeans,1,17.1,16.15,2.8,54.2,60,12.56,14.3,2
corn,0,11.3,14.44,-7.5,55.9,40,18.21,18.8,1
corn,0,10.5,13.94,-0.2,85.5,89,26.55,10.7,1
soybeans,1,19.3,16.01,7.9,77.6,41,17.84,11.3,1
corn,0,20.9,10.5,14.4,86.7,140,23.66,6.6,0
soybeans,1,10.9,14.63,-4.9,76.5,115,19.0,15.7,2
soybeans,1,25.0,15.9,1.1,74.0,100,17.5,23.9,2
soybeans,1,18.7,13.98,2.8,47.8,117,11.29,16.0,1
corn,0,14.4,13.51,-7.2,68.2,89,21.75,21.6,1
soybeans,1,18.3,14.73,8.7,71.6,93,16.06,9.5,1
corn,0,29.2,16.63,-1.8,99.0,139,43.04,31.0,2
corn,0,20.9,15.01,2.4,81.6,60,24.05,18.5,2
corn,0,11.5,12.98,0.4,93.5,68,31.77,11.1,1
corn,0,15.9,16.39,-2.3,80.4,78,24.78,18.2,2
soybeans,1,16.9,16.74,3.9,62.0,46,14.16,12.9,1
soybeans,1,20.3,12.75,2.3,73.6,38,17.27,18.0,1
soybeans,1,17.6,19.24,1.0,75.3,17,17.9,16.5,2
corn,0,28.3,14.2,-1.8,58.9,66,17.8,30.1,1
corn,0,14.5,15.91,6.6,66.6,36,18.29,8.0,1
corn,0,4.8,15.51,17.2,69.1,74,17.29,-12.5,1
soybeans,1,17.4,12.94,5.1,94.5,7,26.77,12.3,1
corn,0,13.1,13.39,12.0,42.9,16,12.13,1.2,0
soybeans,1,6.2,14.32,-7.1,88.9,14,24.64,13.3,1
corn,0,11.4,10.83,5.3,58.9,80,16.54,6.2,0
corn,0,13.7,15.68,-4.8,52.8,25,16.83,18.4,2
soybeans,1,23.4,10.79,-7.8,88.5,105,24.54,31.2,1
corn,0,6.4,14.23,-1.9,82.2,4,25.48,8.3,1
soybeans,1,18.3,12.99,13.5,89.6,157,22.03,4.7,0
soybeans,1,30.4,15.24,11.6,83.2,127,19.38,18.8,2
corn,0,14.9,10.5,5.9,99.0,56,39.73,8.9,0
corn,0,14.7,11.21,-8.3,79.8,6,26.38,22.9,1
corn,0,20.7,13.13,2.4,69.8,129,19.97,18.2,1
soybeans,1,19.4,15.13,6.4,76.8,167,17.76,13.0,1
corn,0,25.2,14.6,5.4,89.4,129,27.16,19.8,1
soybeans,1,14.9,16.09,-10.8,61.1,115,15.39,25.7,2
soybeans,1,20.6,14.39,-3.1,62.9,57,15.01,23.7,2
soybeans,1,20.7,14.17,3.5,67.7,65,15.54,17.2,2
corn,0,13.8,12.27,8.3,42.5,65,12.47,5.5,0
soybeans,1,15.3,13.8,-13.6,73.9,103,19.34,28.8,1
soybeans,1,15.9,14.16,2.7,45.6,21,10.86,13.2,1
corn,0,8.0,10.5,5.1,72.7,158,20.31,2.8,0
corn,0,13.5,12.6,10.8,84.1,33,23.22,2.7,0
soybeans,1,25.7,15.03,9.5,65.3,176,14.43,16.2,2
corn,0,22.7,14.52,8.7,95.5,22,31.3,14.1,1
soybeans,1,12.2,13.74,-2.4,51.6,110,12.43,14.6,1
corn,0,15.9,13.11,-11.3,88.7,4,32.41,27.2,1
corn,0,22.3,11.06,0.9,81.5,172,24.38,21.5,1
soybeans,1,18.9,10.5,12.0,48.0,140,10.71,6.9,0
corn,0,21.2,13.65,15.1,99.0,74,36.6,6.1,0
corn,0,19.5,16.88,9.7,71.1,119,18.99,9.8,1
corn,0,17.4,14.27,7.4,59.7,93,16.4,10.0,1
corn,0,14.9,16.04,7.0,52.3,65,14.74,7.9,1
corn,0,8.2,12.08,-0.4,68.9,65,20.32,8.7,0
corn,0,20.5,14.71,3.0,70.2,10,19.98,17.5,1
soybeans,1,14.6,12.93,17.4,73.4,146,15.76,-2.8,0
corn,0,5.3,12.86,-3.5,67.8,47,20.7,8.8,0
soybeans,1,12.5,15.54,16.9,80.9,66,17.99,-4.5,1
corn,0,21.5,13.98,1.4,66.6,49,19.24,20.1,1
soybeans,1,3.5,11.71,14.6,44.9,22,10.0,-11.1,0
corn,0,9.3,14.38,-7.3,69.9,86,22.33,16.6,1
soybeans,1,16.9,12.91,8.7,38.9,26,9.24,8.2,0
corn,0,25.1,11.6,-1.9,77.0,137,23.33,27.0,1
corn,0,22.5,12.41,-7.3,58.3,149,18.85,29.8,1
corn,0,25.8,17.88,5.7,74.3,95,20.67,20.0,2
corn,0,17.4,16.38,12.1,90.4,107,26.14,5.3,1
corn,0,14.6,10.57,-2.8,58.7,134,17.95,17.4,1
corn,0,21.5,13.86,-8.0,86.9,14,29.86,29.5,1
soybeans,1,10.2,13.99,3.3,65.9,161,15.13,6.9,1
corn,0,9.6,13.72,3.3,96.5,71,34.46,6.3,0
corn,0,8.5,13.0,8.4,66.9,152,18.05,0.1,0
soybeans,1,23.1,15.54,11.6,60.2,75,13.15,11.5,2
soybeans,1,10.6,15.9,3.5,81.6,120,19.72,7.1,1
corn,0,22.5,16.09,18.8,65.9,112,16.28,3.7,1
corn,0,17.0,14.79,5.8,60.2,51,16.78,11.2,1
corn,0,23.2,15.3,1.2,65.3,130,18.93,21.9,2
soybeans,1,8.8,13.58,-8.9,71.4,143,17.92,17.7,1
soybeans,1,11.9,11.36,1.9,90.8,163,24.36,10.0,1
corn,0,19.0,11.32,1.3,44.9,36,13.9,17.6,1
soybeans,1,13.2,12.67,11.7,72.3,118,15.97,1.5,0
soybeans,1,0.0,13.84,7.7,80.7,167,18.92,-7.7,1
corn,0,7.1,11.89,-5.4,74.7,4,23.47,12.5,1
soybeans,1,8.8,12.17,5.4,90.3,6,23.56,3.4,0
corn,0,9.2,13.52,9.4,71.0,158,19.0,-0.1,0
corn,0,20.4,15.76,16.2,69.4,110,17.51,4.2,1
corn,0,18.2,14.8,11.1,80.3,99,21.66,7.1,1
corn,0,17.1,12.65,10.1,73.4,122,19.58,7.0,0
corn,0,29.1,14.28,4.5,66.5,117,18.64,24.6,1
soybeans,1,23.6,11.81,7.1,79.2,96,18.46,16.5,1
corn,0,21.2,12.65,14.0,62.9,67,16.2,7.2,0
corn,0,6.3,11.22,-6.7,63.4,120,20.15,12.9,1
corn,0,16.4,14.97,1.2,64.6,15,18.74,15.2,1
soybeans,1,17.9,13.69,-2.2,90.9,17,25.11,20.1,1
corn,0,13.3,13.92,7.0,26.9,18,9.29,6.3,0
corn,0,27.1,15.65,13.8,77.5,115,20.22,13.2,1
corn,0,16.3,12.4,-0.8,72.5,147,21.5,17.1,1
corn,0,8.0,15.04,-15.1,48.5,76,18.08,23.1,2
soybeans,1,9.5,17.77,0.7,76.3,88,18.25,8.8,1
soybeans,1,30.8,12.43,11.3,78.7,152,17.83,19.5,1
corn,0,13.3,11.39,8.3,80.3,91,22.2,5.0,0
soybeans,1,2.5,11.94,7.4,34.9,48,8.59,-4.9,0
soybeans,1,12.1,14.9,1.8,91.1,158,24.61,10.3,1
soybeans,1,4.1,17.34,-6.2,61.7,15,15.04,10.4,1
corn,0,22.0,17.27,8.1,81.6,175,22.75,13.8,2
corn,0,3.3,15.72,-2.7,82.4,123,25.75,6.0,1
corn,0,6.9,15.78,21.5,59.7,127,14.58,-14.6,1
soybeans,1,16.0,15.04,8.6,81.2,172,19.0,7.5,1
corn,0,23.2,15.51,-0.6,66.6,98,19.68,23.9,2
corn,0,15.5,14.75,-0.9,43.0,155,13.78,16.4,1
corn,0,7.8,12.76,3.3,88.3,84,27.1,4.6,0
soybeans,1,17.2,17.28,2.1,61.1,41,14.12,15.1,2
corn,0,13.0,16.6,12.9,60.0,96,15.69,0.0,1
soybeans,1,23.4,12.8,5.5,66.4,68,15.03,17.9,1
soybeans,1,21.6,15.37,-1.9,75.8,5,18.39,23.4,2
corn,0,12.5,16.83,19.1,71.2,53,17.57,-6.6,1
soybeans,1,21.1,14.95,4.4,79.7,122,18.92,16.7,2
corn,0,17.8,13.83,10.2,53.2,136,14.53,7.6,0
soybeans,1,24.9,16.77,-0.9,61.6,22,14.5,25.8,2
corn,0,20.8,14.66,6.9,70.4,106,19.27,13.9,1
soybeans,1,19.6,13.07,6.5,98.6,7,33.25,13.1,1
soybeans,1,24.6,12.13,-11.1,70.4,150,17.92,35.7,1
soybeans,1,16.1,10.5,20.1,87.2,46,20.1,-4.0,0
soybeans,1,11.0,17.75,14.3,72.5,30,15.79,-3.4,1
corn,0,17.3,12.69,0.8,65.2,126,18.98,16.5,1
soybeans,1,13.7,15.94,-4.8,68.5,101,16.63,18.5,2
soybeans,1,19.9,12.54,6.8,69.6,144,15.73,13.1,1
corn,0,16.4,14.5,4.7,80.5,79,23.05,11.7,1
corn,0,18.6,15.01,6.8,91.2,133,27.98,11.8,1
soybeans,1,8.2,11.97,5.5,77.0,67,17.93,2.6,0
soybeans,1,19.3,15.92,8.0,88.6,23,22.22,11.3,1
soybeans,1,7.6,13.84,15.6,58.5,74,12.5,-7.9,1
corn,0,22.3,15.19,8.5,66.2,5,17.84,13.7,1
soybeans,1,22.3,16.82,-4.4,61.9,151,14.9,26.7,2
corn,0,18.3,15.53,14.9,76.4,82,19.68,3.4,1
soybeans,1,18.0,14.03,17.1,67.0,25,14.2,0.9,1
corn,0,14.5,17.7,29.2,82.2,8,19.46,-14.7,1
soybeans,1,12.1,14.12,-5.0,59.0,149,14.28,17.1,2
soybeans,1,15.9,14.37,5.9,72.6,2,16.59,10.0,1
corn,0,28.9,13.91,-12.7,81.6,22,28.88,41.5,1
soybeans,1,17.5,11.99,8.4,43.1,72,10.03,9.1,1
corn,0,7.3,11.8,-0.4,99.0,87,42.38,7.6,0
soybeans,1,4.9,13.2,19.4,68.0,72,14.27,-14.5,1
soybeans,1,6.7,12.38,-2.2,43.6,68,10.82,8.8,0
corn,0,13.5,13.7,-9.5,74.2,64,24.53,23.1,1
soybeans,1,24.2,15.69,0.2,72.5,94,17.15,24.0,2
soybeans,1,9.3,13.46,-11.8,70.9,19,18.14,21.2,1
corn,0,25.2,14.6,10.0,85.9,128,24.17,15.2,1
corn,0,17.2,13.29,-12.5,82.5,87,29.25,29.7,1
soybeans,1,19.1,18.78,4.2,76.2,82,17.81,14.9,2
soybeans,1,19.0,16.91,-12.6,78.3,87,20.71,31.6,2
soybeans,1,19.8,13.75,1.4,70.5,97,16.49,18.4,1
soybeans,1,13.3,14.69,17.1,96.9,52,27.74,-3.8,1
corn,0,0.8,11.79,6.9,51.3,175,14.54,-6.1,0
soybeans,1,12.2,13.81,-2.9,74.0,82,17.95,15.1,1
corn,0,10.2,13.12,3.8,72.9,172,20.64,6.5,0
corn,0,18.0,15.54,4.1,83.4,97,24.39,13.9,1
corn,0,17.4,12.53,7.8,60.2,135,16.46,9.6,1
corn,0,14.2,17.18,-6.9,47.6,115,15.94,21.2,2
corn,0,27.4,14.08,8.7,74.2,92,20.07,18.7,1
corn,0,11.8,12.64,-17.6,75.9,1,27.25,29.5,1
soybeans,1,1.5,14.26,-1.0,92.9,63,26.34,2.6,1
corn,0,16.8,15.53,0.1,54.2,167,16.27,16.7,2
corn,0,23.7,15.14,9.1,88.2,19,25.54,14.7,2
corn,0,17.9,14.48,4.2,99.0,31,40.42,13.7,1
corn,0,13.7,15.78,-7.2,66.7,77,21.29,20.9,2
corn,0,17.6,15.67,-3.9,53.9,121,16.94,21.4,2
corn,0,28.0,15.68,5.6,66.3,24,18.38,22.4,2
soybeans,1,10.3,13.7,3.4,72.2,69,16.74,6.9,1
soybeans,1,16.2,13.69,-0.6,79.9,161,19.61,16.8,1
soybeans,1,20.4,13.83,0.2,63.7,59,14.9,20.2,1
corn,0,17.7,13.31,9.6,93.8,114,29.27,8.1,0
corn,0,14.4,14.39,-0.1,56.4,161,16.85,14.5,1
soybeans,1,13.2,14.19,3.3,47.7,160,11.22,9.9,1
corn,0,14.1,17.18,21.4,87.5,101,22.74,-7.2,1
corn,0,19.5,13.29,-7.4,40.2,169,14.17,26.8,1
corn,0,19.1,12.42,-10.8,69.1,12,23.13,29.9,1
corn,0,29.6,15.36,10.3,99.0,119,38.17,19.3,2
corn,0,6.0,14.33,-1.4,71.8,139,21.45,7.4,1
corn,0,27.4,12.96,1.5,56.3,97,16.55,26.0,1
corn,0,14.7,15.61,-2.2,71.2,147,21.44,16.9,2
corn,0,15.4,13.7,1.9,71.3,57,20.52,13.5,1
soybeans,1,21.6,16.94,16.8,74.2,42,16.03,4.8,2
soybeans,1,21.5,12.49,10.4,81.3,98,18.8,11.1,1
soybeans,1,23.5,13.15,10.9,57.5,31,12.62,12.6,1
soybeans,1,24.9,14.43,-7.3,95.6,2,30.38,32.3,2
soybeans,1,15.7,16.64,-5.2,75.4,166,18.69,21.0,2
corn,0,25.0,12.92,-18.0,82.2,32,30.2,43.0,1
corn,0,11.9,14.88,-2.5,63.2,138,19.11,14.4,1
corn,0,14.0,12.1,11.7,90.0,105,26.0,2.4,0
soybeans,1,14.8,15.85,8.1,68.4,136,15.29,6.7,1
soybeans,1,12.6,13.03,2.2,75.9,75,17.94,10.3,1
corn,0,16.4,15.31,3.8,58.9,105,16.79,12.6,1
soybeans,1,21.8,15.41,-1.5,58.0,148,13.75,23.3,2
corn,0,20.2,10.93,5.6,81.6,148,23.3,14.6,1
soybeans,1,12.0,14.58,10.1,65.8,127,14.49,1.9,1
corn,0,11.5,13.29,-8.9,60.0,9,19.74,20.4,1
corn,0,10.4,15.1,6.4,63.0,15,17.37,4.0,1
corn,0,16.6,12.63,11.5,81.8,97,22.14,5.1,0
corn,0,5.7,13.15,0.7,63.2,105,18.46,5.0,0
corn,0,10.2,16.36,9.6,70.4,63,18.79,0.6,1
corn,0,13.0,16.22,26.5,72.2,21,16.89,-13.5,1
soybeans,1,22.9,12.41,3.2,45.2,5,10.74,19.7,1
corn,0,15.1,17.43,7.1,51.4,125,14.53,8.0,1
corn,0,22.5,10.5,-1.9,76.7,163,23.24,24.4,1
soybeans,1,17.2,14.59,5.5,61.7,85,13.95,11.8,1
soybeans,1,12.9,11.89,7.7,86.8,113,21.36,5.2,0
corn,0,13.2,14.87,5.6,85.5,176,25.03,7.6,1
corn,0,8.4,13.73,-4.2,82.1,80,26.06,12.6,1
corn,0,31.6,12.37,5.7,97.5,116,35.32,26.0,1
corn,0,23.2,12.87,15.7,70.8,163,17.96,7.5,1
soybeans,1,19.9,12.78,7.6,81.1,97,19.05,12.3,1
corn,0,7.5,14.34,11.7,63.8,21,16.75,-4.2,1
corn,0,13.1,15.95,2.1,99.0,80,41.28,11.0,1
soybeans,1,9.7,17.73,10.0,99.0,39,34.15,-0.3,1
corn,0,16.8,13.89,6.2,72.2,162,19.92,10.6,1
corn,0,10.0,14.74,-3.6,77.4,121,23.96,13.6,1
corn,0,11.6,16.34,6.5,91.0,124,27.91,5.1,1
soybeans,1,10.1,13.39,-3.9,69.9,143,16.91,14.1,1
corn,0,14.4,12.79,-1.1,62.8,6,18.7,15.5,1
soybeans,1,16.5,17.71,5.5,84.2,56,20.5,10.9,1
corn,0,14.6,13.88,6.4,73.1,49,20.18,8.2,0
corn,0,26.0,14.59,-5.5,74.6,92,23.44,31.5,1
soybeans,1,21.3,11.31,12.4,60.3,129,13.1,8.8,0
soybeans,1,10.9,13.26,8.6,48.0,65,10.92,2.3,1
soybeans,1,18.1,17.6,-1.6,75.3,28,18.21,19.8,2
soybeans,1,11.4,15.03,-8.3,84.7,100,22.64,19.7,2
soybeans,1,13.4,14.15,2.8,68.8,148,15.9,10.6,1
corn,0,19.1,16.71,0.4,92.1,176,30.52,18.7,2
corn,0,20.3,11.24,4.9,62.1,72,17.41,15.4,1
soybeans,1,12.2,13.45,1.1,57.2,65,13.34,11.1,1
corn,0,8.8,18.29,-12.1,71.1,51,24.22,20.9,2
soybeans,1,16.6,14.11,0.9,70.8,171,16.63,15.7,2
soybeans,1,18.8,14.1,1.6,82.8,49,20.41,17.3,2
corn,0,11.9,16.32,9.1,61.2,153,16.5,2.8,1
corn,0,21.3,16.45,-1.6,91.2,74,30.44,22.9,2
soybeans,1,20.2,11.86,17.4,99.0,169,32.77,2.7,0
corn,0,11.8,14.97,-11.3,71.5,12,24.1,23.0,1
soybeans,1,23.3,17.36,14.5,89.5,104,21.87,8.9,2
corn,0,23.5,13.04,2.2,57.2,81,16.64,21.3,1
soybeans,1,29.4,13.53,10.9,87.1,127,21.08,18.6,1
corn,0,27.1,14.25,4.6,86.7,14,25.82,22.5,1
soybeans,1,10.1,15.45,13.1,84.1,34,19.55,-3.0,1
corn,0,22.0,11.63,0.9,71.8,48,20.9,21.1,1
corn,0,21.7,10.5,-4.8,30.6,61,11.45,26.5,1
corn,0,13.7,14.59,15.4,63.0,35,16.05,-1.6,1
soybeans,1,19.0,16.3,3.1,63.2,119,14.51,15.9,2
soybeans,1,3.8,13.64,5.8,58.3,65,13.19,-2.0,1
corn,0,3.6,13.1,13.9,73.7,59,19.04,-10.3,0
corn,0,4.9,13.9,-4.3,66.1,36,20.36,9.1,1
corn,0,18.5,17.08,8.8,60.5,147,16.37,9.8,1
soybeans,1,18.8,13.0,-0.7,57.2,42,13.49,19.6,1
soybeans,1,14.2,15.23,2.9,62.0,69,14.24,11.3,1
corn,0,27.2,12.12,4.6,87.7,147,26.39,22.6,1
corn,0,22.4,12.21,-8.0,62.7,107,20.29,30.4,1
corn,0,5.6,15.72,-2.2,64.8,39,19.5,7.8,1
corn,0,14.9,17.14,14.8,65.6,69,16.75,0.1,1
corn,0,9.9,15.8,11.1,76.7,12,20.44,-1.2,1
soybeans,1,18.7,10.5,3.5,78.4,83,18.59,15.2,1
corn,0,15.8,13.44,5.9,29.4,175,9.93,9.9,1
soybeans,1,10.3,14.63,1.6,86.3,36,21.92,8.6,1
corn,0,27.0,14.31,14.9,92.1,126,26.66,12.2,1
corn,0,16.4,10.74,2.4,57.3,63,16.63,14.0,1
soybeans,1,13.3,11.87,5.9,58.4,76,13.2,7.4,0
soybeans,1,14.4,12.76,13.2,65.7,82,14.22,1.2,0
soybeans,1,26.5,14.08,-2.2,61.4,51,14.58,28.7,2
corn,0,21.9,10.72,16.5,75.1,43,19.05,5.5,0
corn,0,14.9,15.28,-8.2,44.7,34,15.49,23.2,2
soybeans,1,9.6,14.03,17.0,56.3,97,11.98,-7.5,1
corn,0,10.6,12.32,1.0,93.5,49,31.6,9.5,1
corn,0,12.9,14.55,2.1,59.0,146,17.11,10.8,1
corn,0,19.3,11.61,-11.1,89.4,125,32.87,30.4,1
corn,0,20.9,14.11,0.4,77.0,57,22.77,20.6,1
soybeans,1,11.3,10.96,-4.3,46.7,93,11.58,15.6,1
corn,0,21.2,11.22,-0.9,80.9,109,24.6,22.1,1
corn,0,10.1,13.38,2.9,70.4,5,20.03,7.2,0
corn,0,12.0,12.91,11.7,65.6,24,17.21,0.4,0
corn,0,6.6,14.89,5.7,75.4,59,21.06,0.9,1
corn,0,6.4,14.17,6.5,78.6,38,21.99,-0.1,1
corn,0,10.0,17.98,-4.8,81.9,161,26.17,14.8,2
corn,0,15.8,13.72,-3.0,88.5,10,29.1,18.9,1
soybeans,1,9.5,10.5,18.4,77.7,165,16.87,-8.9,0
corn,0,25.7,10.54,-1.9,52.7,126,16.26,27.6,1
corn,0,9.9,12.05,17.2,65.4,11,16.36,-7.3,0
soybeans,1,17.2,20.29,2.1,99.0,24,35.83,15.1,2
soybeans,1,24.6,14.13,4.0,82.1,88,19.86,20.6,2
corn,0,16.6,16.2,12.6,99.0,114,37.41,4.0,1
corn,0,13.6,16.01,14.2,91.5,21,26.41,-0.5,1
corn,0,17.0,11.92,3.1,75.4,148,21.58,13.8,1
soybeans,1,12.3,10.97,0.9,76.2,10,18.2,11.5,1
soybeans,1,9.5,15.36,3.6,71.5,175,16.53,5.9,1
soybeans,1,20.0,10.5,6.7,47.7,175,10.99,13.3,1
corn,0,12.2,15.96,11.1,72.3,143,19.07,1.1,1
soybeans,1,22.1,13.99,4.0,88.9,172,22.94,18.1,1
corn,0,21.2,15.31,9.0,63.6,134,17.12,12.2,1
corn,0,17.1,14.75,17.1,77.8,66,19.76,-0.0,1
corn,0,22.3,14.84,7.1,83.9,122,23.94,15.3,1
soybeans,1,12.5,14.39,6.5,59.3,132,13.34,6.0,1
corn,0,21.1,14.71,-8.2,65.7,23,21.22,29.2,1
soybeans,1,21.1,14.28,-17.0,57.7,13,15.05,38.1,2
corn,0,14.0,11.72,7.1,60.5,159,16.64,6.9,0
corn,0,13.2,13.49,3.2,54.0,16,15.69,10.0,1
corn,0,18.1,18.11,-0.1,59.4,41,17.61,18.3,2
corn,0,28.8,14.77,5.9,91.9,1,28.68,22.8,1
soybeans,1,14.5,16.26,3.5,59.2,111,13.56,11.0,1
corn,0,13.1,12.43,13.0,73.8,12,19.2,0.0,0
soybeans,1,23.7,12.4,4.7,65.0,119,14.77,19.0,1
soybeans,1,16.4,12.03,-2.0,88.5,178,23.58,18.4,1
soybeans,1,21.6,11.8,11.9,90.4,20,22.68,9.7,1
corn,0,25.6,11.28,2.3,84.1,36,25.18,23.3,1
corn,0,3.6,14.62,8.2,76.3,79,20.83,-4.6,1
corn,0,15.8,13.56,0.2,68.8,166,20.13,15.6,1
soybeans,1,14.5,15.78,-1.2,55.3,150,13.13,15.7,2
soybeans,1,9.7,13.64,4.7,99.0,108,35.25,5.1,1
corn,0,3.5,10.5,4.1,61.4,178,17.35,-0.6,0
soybeans,1,5.7,15.0,7.8,81.3,96,19.09,-2.2,1
corn,0,16.7,10.55,1.9,86.8,59,26.65,14.8,1
soybeans,1,12.5,14.59,-10.7,64.2,20,16.17,23.2,2
corn,0,10.8,12.81,0.5,86.5,164,26.86,10.3,1
soybeans,1,16.6,14.62,10.4,82.7,126,19.33,6.3,1
corn,0,11.5,11.6,1.6,96.2,97,34.51,9.9,1
soybeans,1,24.4,15.6,2.0,65.4,143,15.13,22.4,2
soybeans,1,12.0,14.27,11.9,54.0,62,11.86,0.1,1
soybeans,1,25.8,13.58,-1.7,64.9,131,15.37,27.5,1
corn,0,15.8,11.15,-8.3,74.9,93,24.42,24.1,1
corn,0,11.8,17.46,2.7,72.8,91,20.83,9.0,1
corn,0,11.3,12.57,0.1,66.5,133,19.48,11.2,1
corn,0,25.8,14.67,-3.7,45.3,123,14.78,29.6,1
corn,0,20.5,12.49,2.6,78.6,159,22.82,17.9,1
soybeans,1,11.1,21.0,7.9,99.0,86,34.57,3.1,1
corn,0,16.8,14.47,3.9,78.5,163,22.49,12.8,1
corn,0,0.7,13.09,6.5,80.5,118,22.69,-5.8,0
corn,0,7.3,15.29,18.5,80.0,26,20.27,-11.2,1
corn,0,11.1,15.55,1.3,77.6,118,22.76,9.9,1
soybeans,1,11.0,14.91,6.2,85.0,1,20.75,4.7,1
corn,0,23.9,13.62,-0.1,77.5,7,23.08,24.0,1
soybeans,1,3.6,14.99,-2.8,67.6,164,16.16,6.3,1
corn,0,6.7,13.92,-0.7,60.9,76,18.1,7.4,0
soybeans,1,18.9,14.15,0.2,68.5,87,16.09,18.8,2
soybeans,1,17.5,12.79,6.9,76.4,153,17.59,10.6,1
corn,0,13.7,11.57,22.8,67.6,94,16.19,-9.1,0
soybeans,1,29.3,15.21,-1.7,76.4,61,18.56,31.1,2
corn,0,20.0,15.29,0.7,78.1,29,23.12,19.3,2
soybeans,1,23.9,16.53,3.5,83.7,95,20.52,20.5,2
corn,0,15.7,14.29,7.2,90.0,18,27.04,8.5,1
soybeans,1,12.5,13.81,6.1,73.1,41,16.71,6.4,1
soybeans,1,12.5,11.66,14.3,53.7,147,11.65,-1.7,0
soybeans,1,22.0,14.13,-15.4,67.2,132,17.51,37.4,2
soybeans,1,21.0,14.85,-15.1,72.6,41,19.13,36.1,2
corn,0,14.6,10.92,0.0,46.3,123,14.41,14.5,1
corn,0,19.1,16.12,12.8,91.4,143,26.66,6.3,1
corn,0,22.3,12.92,-8.5,74.0,143,24.13,30.8,1
corn,0,12.3,13.85,-18.0,77.3,178,27.86,30.3,1
soybeans,1,13.8,15.28,8.6,91.1,22,23.6,5.2,1
corn,0,18.9,14.19,5.9,63.2,146,17.5,13.0,1
soybeans,1,4.4,16.73,-4.7,80.0,80,20.2,9.1,1
soybeans,1,19.0,15.33,-3.9,70.5,130,17.05,22.9,2
soybeans,1,8.7,13.93,-3.8,69.4,36,16.75,12.4,1
corn,0,22.1,10.5,4.9,61.2,20,17.17,17.2,1
soybeans,1,30.0,15.99,-1.0,95.3,144,28.74,31.0,2
soybeans,1,11.5,12.08,8.0,66.7,67,14.9,3.5,0
corn,0,7.2,15.73,-18.0,81.8,120,30.0,25.2,2
soybeans,1,14.8,15.08,-2.9,45.7,158,11.29,17.7,2
soybeans,1,14.3,13.84,-5.0,88.5,55,24.07,19.3,1
corn,0,20.3,15.92,1.9,86.7,66,26.57,18.3,2
corn,0,17.5,15.14,-0.3,73.4,26,21.68,17.8,2
corn,0,14.1,14.79,10.4,68.8,130,18.24,3.7,1
corn,0,16.6,11.11,-10.9,77.6,56,26.35,27.5,1
corn,0,8.7,14.27,4.4,99.0,34,40.35,4.3,1
corn,0,21.4,11.96,8.5,47.3,56,13.46,12.9,1
corn,0,26.5,12.23,18.9,82.9,55,21.26,7.7,1
corn,0,8.2,13.55,0.1,59.2,20,17.52,8.1,0
soybeans,1,5.7,16.83,6.6,71.7,50,16.29,-0.9,1
corn,0,13.4,14.86,-10.4,68.5,153,22.8,23.8,1
soybeans,1,8.1,14.98,-15.1,66.0,84,17.18,23.2,2
corn,0,7.7,15.59,10.8,71.9,153,19.02,-3.1,1
corn,0,6.9,12.63,4.0,56.1,53,16.09,2.9,0
corn,0,14.7,11.36,13.4,86.4,142,23.71,1.3,0
corn,0,13.3,11.04,-7.0,46.9,111,15.77,20.3,1
corn,0,18.4,14.62,8.2,79.6,171,21.97,10.3,1
soybeans,1,12.3,15.98,19.0,67.4,112,14.17,-6.6,1
corn,0,8.1,15.84,7.4,55.6,69,15.45,0.7,1
soybeans,1,15.9,12.7,6.2,74.8,2,17.2,9.7,1
soybeans,1,9.1,16.64,4.1,50.2,16,11.66,5.1,1
corn,0,19.3,17.88,-8.6,72.6,94,23.62,27.9,2
corn,0,5.2,15.29,14.8,52.1,171,13.71,-9.7,1
soybeans,1,1.9,16.88,-0.9,78.5,166,19.14,2.8,1
corn,0,5.5,15.77,8.0,59.1,45,16.15,-2.5,1
corn,0,13.3,13.79,-8.5,65.7,126,21.32,21.8,1
soybeans,1,14.1,13.0,-5.4,76.1,179,18.94,19.6,1
corn,0,16.9,11.3,15.5,61.2,170,15.61,1.4,0
soybeans,1,12.3,13.4,1.2,71.2,24,16.69,11.1,1
soybeans,1,10.5,13.77,15.6,50.8,115,11.02,-5.1,1
corn,0,25.3,13.81,3.4,80.8,158,23.5,21.9,1
corn,0,23.6,14.0,-10.7,96.7,165,40.94,34.3,1
corn,0,22.4,10.5,11.1,99.0,123,37.87,11.3,1
corn,0,18.0,15.6,-0.7,73.3,139,21.75,18.7,2
corn,0,18.5,15.81,9.6,83.0,78,23.01,8.9,1
soybeans,1,10.8,14.87,4.2,47.1,151,11.04,6.6,1
corn,0,16.9,12.1,-8.3,93.0,117,34.72,25.3,1
corn,0,9.9,14.86,5.3,82.9,80,23.88,4.6,1
soybeans,1,9.2,14.24,21.6,65.2,50,13.49,-12.4,1
soybeans,1,5.5,15.05,7.9,89.3,85,22.61,-2.5,1
soybeans,1,18.6,16.99,3.5,68.4,4,15.73,15.1,2
corn,0,17.1,13.88,12.6,65.6,61,17.06,4.5,0
soybeans,1,14.0,14.53,5.7,78.7,111,18.43,8.3,1
corn,0,13.2,12.64,5.7,57.1,78,16.05,7.5,0
corn,0,4.1,15.86,-4.7,86.3,83,28.37,8.8,1
corn,0,17.7,15.46,5.9,57.2,133,16.04,11.8,1
soybeans,1,13.9,14.59,12.3,57.3,100,12.49,1.7,1
corn,0,21.8,12.3,-2.7,59.3,146,18.08,24.5,1
corn,0,17.0,12.97,15.4,82.6,172,21.74,1.6,0
corn,0,20.6,10.9,3.3,63.4,31,18.01,17.3,1
corn,0,16.0,12.95,-3.1,53.1,119,16.59,19.1,1
soybeans,1,17.2,15.48,12.0,63.5,94,13.83,5.2,1
soybeans,1,22.1,14.91,1.7,71.6,149,16.74,20.3,2
soybeans,1,14.7,14.49,10.1,55.5,175,12.28,4.7,1
corn,0,19.1,16.87,1.7,55.9,30,16.41,17.4,2
corn,0,13.1,14.75,3.5,99.0,55,40.69,9.6,1
corn,0,15.1,13.16,7.9,60.0,105,16.38,7.2,0
corn,0,26.4,12.94,6.3,67.5,41,18.56,20.0,1
corn,0,20.2,13.78,-12.0,66.9,173,22.73,32.1,1
soybeans,1,12.5,13.39,-5.0,66.1,74,16.01,17.5,1
corn,0,18.7,15.92,11.4,80.7,158,21.74,7.3,1
corn,0,7.7,14.96,2.9,85.3,77,25.56,4.7,1
corn,0,14.6,13.62,-0.2,67.7,85,19.9,14.8,1
corn,0,9.8,13.69,-6.9,54.7,173,17.76,16.7,1
corn,0,18.9,15.47,-4.6,89.8,104,30.55,23.6,2
soybeans,1,14.8,16.02,-12.2,70.7,173,18.14,26.9,2
soybeans,1,17.8,10.88,3.2,96.2,79,29.13,14.7,1
soybeans,1,21.0,13.89,-0.8,40.6,84,10.12,21.8,1
corn,0,13.0,14.36,-3.7,74.7,173,23.01,16.7,1
corn,0,13.2,15.19,3.5,98.9,133,40.09,9.8,1
corn,0,15.8,14.4,6.9,67.1,124,18.35,8.8,1
corn,0,10.4,14.93,20.7,68.8,32,16.75,-10.3,1
soybeans,1,15.9,13.77,-8.1,76.1,6,19.3,24.0,1
corn,0,16.3,12.75,13.3,64.2,94,16.61,3.0,0
corn,0,17.5,15.61,11.8,67.6,26,17.7,5.7,1
corn,0,18.7,15.67,-2.2,67.3,37,20.22,21.0,2
corn,0,5.6,15.37,5.6,63.2,13,17.56,-0.0,1
soybeans,1,7.6,15.69,0.3,89.2,93,23.62,7.3,1
corn,0,8.4,12.45,5.5,78.5,25,22.13,2.9,0
corn,0,16.6,13.29,16.1,75.5,141,19.22,0.5,0
corn,0,14.2,16.22,8.8,83.3,20,23.29,5.3,1
corn,0,1.3,14.84,8.1,68.3,72,18.48,-6.8,1
soybeans,1,28.7,14.3,0.6,61.2,149,14.26,28.1,2
soybeans,1,3.1,13.75,-7.9,63.6,115,15.68,10.9,1
soybeans,1,16.2,16.48,2.3,72.0,127,16.8,13.9,1
soybeans,1,19.7,11.01,13.7,57.2,26,12.37,6.0,0
corn,0,11.3,14.73,-8.2,65.0,54,21.03,19.5,1
soybeans,1,20.2,14.08,-4.4,64.8,170,15.61,24.6,2
corn,0,9.4,11.95,5.0,99.0,139,40.09,4.4,0
corn,0,17.1,17.11,-3.9,33.2,165,11.93,21.0,2
soybeans,1,1.8,10.5,-2.3,69.5,125,16.61,4.2,0
corn,0,23.6,14.42,0.6,96.2,11,34.83,23.0,1
soybeans,1,16.0,15.15,-6.9,73.7,27,18.37,22.9,2
corn,0,5.6,12.44,-3.8,82.5,94,26.17,9.4,1
soybeans,1,20.1,14.7,9.6,73.4,83,16.45,10.5,1
soybeans,1,26.6,13.8,-6.5,62.7,34,15.3,33.1,1
soybeans,1,10.0,15.98,-8.8,40.6,38,10.7,18.8,2
soybeans,1,14.6,20.52,-1.0,74.9,87,18.01,15.7,2
soybeans,1,12.7,14.81,9.9,61.1,65,13.47,2.8,1
corn,0,11.0,15.29,2.4,60.8,131,17.5,8.6,1
corn,0,10.3,12.44,0.3,65.0,156,19.03,10.0,1
corn,0,11.8,14.59,4.4,96.4,142,33.92,7.4,1
soybeans,1,12.1,13.53,-10.0,99.0,52,38.84,22.1,1
corn,0,13.7,15.6,8.0,75.0,30,20.48,5.7,1
soybeans,1,13.2,11.63,7.1,65.5,113,14.68,6.1,0
corn,0,20.9,12.27,0.7,55.5,143,16.48,20.2,1
corn,0,20.4,16.32,12.0,78.6,166,20.87,8.3,1
soybeans,1,6.0,14.58,-5.0,97.0,142,31.9,11.1,1
corn,0,12.1,16.58,13.0,68.5,8,17.75,-0.9,1
corn,0,24.1,14.85,5.2,38.7,72,12.01,18.9,1
corn,0,17.9,15.12,1.3,81.4,147,24.23,16.6,2
soybeans,1,18.2,13.64,3.8,85.8,32,21.39,14.3,1
soybeans,1,17.6,13.85,3.1,49.8,95,11.65,14.4,1
corn,0,14.3,15.94,13.8,74.5,157,19.28,0.5,1
corn,0,15.7,13.94,-4.6,78.3,41,24.6,20.3,1
corn,0,13.4,16.33,-2.1,71.0,75,21.33,15.5,2
soybeans,1,21.6,14.0,12.3,60.9,45,13.24,9.3,1
soybeans,1,13.4,12.08,-0.8,86.2,13,22.22,14.2,1
corn,0,15.3,11.91,11.2,66.4,155,17.46,4.1,0
corn,0,20.8,13.89,17.6,51.2,19,13.23,3.2,0
corn,0,13.9,15.85,0.8,43.3,154,13.61,13.1,1
soybeans,1,15.5,13.0,9.5,89.7,53,22.6,6.1,1
soybeans,1,13.7,15.52,-5.2,80.6,179,20.49,18.9,2
corn,0,15.4,14.38,10.0,73.2,165,19.54,5.4,1
corn,0,13.9,15.29,5.6,65.8,137,18.25,8.3,1
corn,0,12.5,13.68,7.8,64.6,3,17.55,4.7,0
soybeans,1,11.4,14.53,-1.2,56.9,96,13.47,12.6,1
corn,0,14.9,15.89,-9.3,66.0,136,21.63,24.2,2
soybeans,1,22.6,14.17,8.0,42.3,14,9.91,14.6,2
soybeans,1,20.1,13.26,-12.5,61.7,120,15.74,32.6,1
corn,0,5.7,10.93,1.5,67.6,131,19.54,4.3,0
corn,0,13.2,15.17,11.5,80.5,152,21.66,1.7,1
corn,0,11.9,12.81,5.5,71.4,13,19.84,6.3,0
soybeans,1,5.8,13.26,19.6,83.1,171,18.52,-13.7,1
soybeans,1,17.8,12.27,12.2,90.9,157,22.97,5.6,0
soybeans,1,15.4,13.79,-1.2,86.8,72,22.58,16.6,1
corn,0,29.1,17.98,4.2,78.6,179,22.45,24.9,2
corn,0,13.8,14.83,3.6,72.2,170,20.44,10.2,1
soybeans,1,11.0,13.04,-8.7,58.3,159,14.49,19.6,1
soybeans,1,10.3,13.38,-3.5,82.4,154,20.93,13.8,1
corn,0,13.1,11.61,-0.5,95.5,146,34.34,13.6,1
soybeans,1,19.8,12.16,-12.3,76.8,82,20.11,32.1,1
soybeans,1,20.6,11.88,4.4,98.8,57,34.65,16.2,1
corn,0,35.0,14.69,2.0,50.6,7,15.1,33.0,1
soybeans,1,8.2,15.0,-9.4,55.8,112,14.0,17.5,2
soybeans,1,16.6,14.34,7.2,84.0,48,20.18,9.3,1
soybeans,1,11.6,14.87,9.7,75.7,80,17.09,1.8,1
corn,0,18.3,12.82,5.8,90.4,119,27.68,12.5,1
corn,0,25.0,12.13,1.4,71.8,120,20.79,23.6,1
soybeans,1,21.6,12.12,8.7,59.8,60,13.29,12.9,1
corn,0,8.2,12.04,9.4,69.0,33,18.44,-1.3,0
corn,0,20.5,14.85,6.5,50.5,115,14.43,14.0,1
corn,0,2.3,17.82,-2.6,56.2,128,17.27,4.9,1
corn,0,0.5,12.31,6.2,85.6,3,24.91,-5.7,0
soybeans,1,14.4,13.58,13.6,84.2,4,19.56,0.8,1
soybeans,1,20.0,14.57,-0.8,77.1,100,18.67,20.7,2
corn,0,18.3,13.7,20.8,47.9,4,12.26,-2.5,0
corn,0,28.4,14.8,-0.2,67.0,42,19.69,28.6,1
corn,0,16.7,13.16,4.3,54.9,9,15.74,12.5,1
soybeans,1,15.3,12.98,-1.4,88.5,51,23.47,16.7,1
soybeans,1,23.5,13.87,5.8,63.8,145,14.41,17.7,1
corn,0,13.6,14.79,-9.9,56.8,145,19.08,23.5,1
soybeans,1,18.5,16.51,-0.4,72.4,97,17.2,18.9,2
soybeans,1,18.9,14.88,-4.7,63.0,20,15.22,23.7,2
soybeans,1,9.7,13.75,5.1,92.8,142,25.28,4.6,1
soybeans,1,18.5,15.7,12.0,61.7,22,13.44,6.6,1
corn,0,30.2,16.0,9.2,52.4,27,14.48,21.0,2
soybeans,1,23.4,13.65,-15.0,41.9,43,11.46,38.4,1
corn,0,10.5,13.94,20.3,71.6,131,17.5,-9.8,0
soybeans,1,31.2,13.43,6.4,64.1,94,14.43,24.8,1
soybeans,1,20.5,15.68,-2.2,52.0,8,12.51,22.7,2
soybeans,1,18.8,14.33,5.3,88.6,86,22.61,13.5,1
soybeans,1,15.4,11.67,5.4,81.3,89,19.39,10.0,1
corn,0,20.4,14.93,-1.3,71.6,138,21.35,21.8,1
corn,0,16.7,16.88,5.6,91.1,113,28.22,11.1,1
soybeans,1,16.1,17.02,-0.9,81.3,157,20.14,17.0,2
soybeans,1,15.1,13.34,0.8,60.5,168,14.09,14.4,1
corn,0,22.3,12.95,-1.5,57.5,21,17.37,23.8,1
corn,0,21.6,17.62,-7.5,83.5,152,27.8,29.1,2
corn,0,15.0,17.02,5.2,77.5,154,21.88,9.9,1
soybeans,1,6.1,15.04,8.7,74.4,9,16.81,-2.6,1
soybeans,1,16.2,11.12,8.1,60.1,148,13.4,8.1,0
corn,0,11.3,13.11,10.6,80.5,36,21.84,0.8,0
corn,0,12.9,12.23,6.6,61.4,36,16.95,6.3,0
soybeans,1,15.2,17.46,-0.3,70.6,73,16.68,15.5,2
soybeans,1,9.1,11.45,10.7,92.3,150,24.08,-1.6,0
corn,0,5.5,17.45,-6.9,62.7,1,20.0,12.4,1
corn,0,17.9,14.01,-3.2,50.0,69,15.83,21.1,1
corn,0,16.2,12.04,-3.7,57.3,37,17.77,19.9,1
corn,0,15.9,15.98,12.6,85.9,72,23.64,3.3,1
corn,0,19.3,15.33,11.5,75.6,107,19.99,7.8,1
soybeans,1,11.7,11.92,7.9,70.2,96,15.76,3.8,0
soybeans,1,18.2,14.15,12.6,64.9,141,14.08,5.6,1
soybeans,1,24.7,16.68,-3.0,78.8,84,19.53,27.7,2
soybeans,1,14.3,13.46,6.8,60.1,43,13.5,7.6,1
corn,0,28.3,17.22,3.0,76.3,37,21.91,25.3,2
corn,0,16.3,12.86,10.8,61.8,25,16.39,5.5,0
corn,0,10.5,11.28,3.1,59.4,149,17.04,7.4,0
corn,0,21.5,14.28,0.9,63.1,169,18.38,20.6,1
soybeans,1,15.3,11.57,8.3,66.7,73,14.87,6.9,0
soybeans,1,22.8,14.42,11.0,71.3,170,15.77,11.8,1
corn,0,18.7,14.21,-1.3,75.3,42,22.59,20.0,1
corn,0,13.9,12.83,3.5,25.0,2,9.19,10.4,1
soybeans,1,25.9,17.58,-4.5,60.7,136,14.63,30.4,2
corn,0,12.8,14.19,-16.0,66.5,96,23.65,28.7,1
corn,0,1.9,15.76,5.6,93.1,61,29.75,-3.7,1
soybeans,1,21.7,15.87,8.9,56.9,14,12.65,12.9,2
soybeans,1,18.3,17.37,6.1,74.3,113,17.05,12.2,1
corn,0,24.3,12.02,-11.6,92.9,77,36.16,35.9,1
corn,0,10.3,11.04,1.2,53.6,21,15.94,9.1,1
soybeans,1,14.4,17.3,-13.7,77.5,152,20.59,28.1,2
corn,0,13.7,15.25,15.0,60.8,178,15.59,-1.3,1
corn,0,22.1,14.43,-4.7,64.9,173,20.11,26.8,1
soybeans,1,20.2,13.96,14.0,60.8,64,13.08,6.2,1
corn,0,17.4,13.64,11.6,61.8,154,16.28,5.8,0
soybeans,1,17.4,15.75,-3.2,99.0,160,37.07,20.6,2
corn,0,8.5,11.6,-5.1,83.8,57,27.18,13.6,1
soybeans,1,21.0,15.06,6.8,87.4,119,21.77,14.2,2
corn,0,21.1,16.06,-2.8,78.9,161,24.3,23.9,2
corn,0,30.9,15.54,4.8,49.5,52,14.43,26.1,2
corn,0,19.1,14.07,0.1,77.5,95,23.02,18.9,1
corn,0,20.1,14.2,-10.2,87.0,146,30.87,30.4,1
soybeans,1,19.1,16.51,-13.8,60.1,163,15.48,32.9,2
soybeans,1,11.5,15.25,5.8,85.5,140,21.01,5.7,1
corn,0,24.1,17.36,-0.5,81.9,179,24.91,24.6,2
corn,0,15.6,11.06,-0.4,97.9,89,38.66,16.1,1
soybeans,1,14.7,15.83,9.6,66.2,10,14.62,5.2,1
soybeans,1,15.1,12.74,13.4,56.6,52,12.28,1.7,0
corn,0,15.6,14.07,1.8,66.9,34,19.26,13.8,1
corn,0,12.8,16.68,1.3,92.1,115,30.24,11.6,1
corn,0,17.4,12.4,8.0,46.4,167,13.33,9.4,1
soybeans,1,15.4,18.01,-6.9,43.0,136,11.04,22.2,2
corn,0,14.8,16.19,5.8,73.3,125,20.34,9.0,1
soybeans,1,19.2,15.24,8.4,65.8,157,14.64,10.8,1
corn,0,16.5,12.52,9.4,72.1,150,19.32,7.1,0
soybeans,1,12.4,13.88,-11.5,85.2,43,23.43,23.9,1
corn,0,11.0,13.55,-2.1,64.3,177,19.32,13.1,1
corn,0,16.6,11.98,-3.0,45.8,29,14.78,19.7,1
corn,0,11.1,16.17,4.8,99.0,106,40.17,6.3,1
soybeans,1,10.7,13.47,7.8,58.0,120,12.97,2.8,1
corn,0,10.8,13.88,16.0,57.2,81,14.66,-5.2,0
corn,0,17.7,13.97,0.0,87.5,31,27.51,17.6,1
corn,0,23.8,13.81,0.0,66.6,162,19.54,23.7,1
corn,0,18.3,15.15,13.2,71.1,128,18.41,5.1,1
soybeans,1,21.8,13.08,6.4,78.8,38,18.39,15.4,1
soybeans,1,15.5,16.03,14.1,87.2,101,20.75,1.4,1
soybeans,1,16.9,13.13,6.3,67.3,132,15.19,10.6,1
corn,0,26.7,14.15,-5.3,93.3,130,33.64,32.0,1
soybeans,1,21.4,11.85,-6.7,42.1,12,10.84,28.1,1
corn,0,22.1,16.13,-8.4,82.6,35,27.74,30.5,2
corn,0,14.3,16.59,9.3,60.2,110,16.25,5.0,1
corn,0,16.0,15.49,13.5,91.2,72,26.34,2.5,1
corn,0,18.6,14.51,18.8,74.0,149,18.37,-0.2,1
soybeans,1,12.1,14.13,10.7,62.6,110,13.72,1.3,1
soybeans,1,0.6,11.39,13.3,81.3,61,18.5,-12.7,0
soybeans,1,18.6,11.76,-0.6,84.5,163,21.42,19.2,1
corn,0,22.2,15.55,-5.3,81.0,48,25.91,27.5,2
corn,0,16.4,13.87,10.8,57.6,143,15.41,5.6,0
corn,0,12.1,11.75,7.3,65.2,71,17.79,4.8,0
corn,0,13.9,11.67,4.9,71.9,143,20.12,9.0,0
corn,0,2.8,15.34,7.1,71.4,134,19.54,-4.3,1
corn,0,13.8,15.77,6.6,82.5,68,23.44,7.2,1
corn,0,8.8,11.44,14.3,43.8,22,12.08,-5.5,0
corn,0,11.5,14.47,14.4,76.7,32,19.86,-2.9,1
soybeans,1,8.4,14.9,8.4,67.9,123,15.16,0.1,1
soybeans,1,7.7,13.15,10.8,60.3,22,13.22,-3.1,1
soybeans,1,9.5,16.43,8.1,61.6,155,13.71,1.4,1
soybeans,1,20.1,13.58,0.3,69.0,110,16.2,19.8,1
corn,0,12.7,11.11,10.1,25.0,15,8.63,2.6,0
soybeans,1,8.8,13.85,-7.2,62.2,124,15.26,16.0,1
soybeans,1,20.9,16.66,12.4,59.7,44,12.98,8.5,2
corn,0,16.8,13.58,-5.6,79.5,115,25.35,22.4,1
corn,0,0.6,12.32,6.3,60.7,9,16.82,-5.7,0
soybeans,1,22.5,15.33,-2.8,69.0,34,16.52,25.2,2
corn,0,16.5,14.67,8.4,93.6,73,29.42,8.0,1
corn,0,21.0,14.19,3.7,85.9,143,25.67,17.3,1
corn,0,14.5,15.06,-8.8,84.6,45,28.89,23.3,2
corn,0,26.4,12.95,7.4,65.0,72,17.73,19.1,1
corn,0,13.5,13.12,-0.6,79.6,58,24.01,14.1,1
corn,0,0.0,15.51,11.0,68.7,115,18.11,-11.0,1
corn,0,10.2,12.46,4.0,69.3,19,19.49,6.2,0
corn,0,19.3,17.11,7.2,77.7,16,21.53,12.1,1
soybeans,1,17.0,16.41,-3.7,63.6,75,15.25,20.7,2
corn,0,15.2,12.14,-0.7,92.9,106,31.59,15.9,1
corn,0,9.6,16.86,0.3,69.8,136,20.4,9.3,1
corn,0,16.1,14.47,10.9,80.7,161,21.84,5.3,1
soybeans,1,15.9,16.69,17.4,92.4,74,23.28,-1.5,1
corn,0,15.8,14.44,-2.4,86.4,18,27.7,18.3,1
corn,0,19.5,13.88,12.6,52.3,163,14.01,6.9,0
soybeans,1,17.2,13.69,-13.4,78.2,43,20.79,30.5,1
soybeans,1,14.4,10.5,-5.6,83.9,50,21.87,19.9,1
corn,0,9.5,15.87,-3.7,84.5,3,27.06,13.2,1
soybeans,1,24.8,12.93,-6.8,56.4,59,13.88,31.7,1
corn,0,28.9,15.93,-8.7,62.8,28,20.48,37.5,2
corn,0,27.3,17.21,7.3,85.9,46,24.8,20.0,2
corn,0,20.5,13.16,2.3,61.3,64,17.66,18.3,1
corn,0,5.1,13.05,7.0,67.8,70,18.53,-1.9,0
soybeans,1,4.3,16.01,9.5,94.1,47,25.69,-5.2,1
corn,0,12.4,13.36,6.1,71.3,142,19.69,6.3,0
corn,0,15.6,16.57,9.3,61.8,135,16.63,6.4,1
soybeans,1,15.4,12.96,3.4,59.7,159,13.69,11.9,1
soybeans,1,17.3,16.79,-5.5,76.7,106,19.12,22.8,2
corn,0,6.9,13.65,12.5,53.3,81,14.26,-5.5,0
soybeans,1,26.4,14.79,-0.7,68.5,51,16.18,27.2,2
corn,0,25.8,15.97,-3.5,76.7,29,23.65,29.3,2
soybeans,1,7.5,15.12,2.6,90.2,113,23.88,4.9,1
soybeans,1,3.9,16.13,-3.3,81.3,143,20.5,7.2,1
soybeans,1,15.4,11.58,0.7,62.0,128,14.45,14.8,1
corn,0,24.2,13.47,6.8,88.5,90,26.28,17.5,1
corn,0,15.8,14.31,6.8,67.8,25,18.57,9.0,1
corn,0,17.7,12.82,-3.2,54.7,41,17.0,20.9,1
corn,0,13.1,15.95,0.1,69.6,69,20.4,13.0,1
corn,0,17.0,13.28,12.6,92.1,4,27.19,4.4,0
soybeans,1,22.1,12.83,8.0,74.3,105,16.87,14.2,1
corn,0,18.7,15.89,20.6,72.2,31,17.63,-1.9,1
corn,0,19.7,12.32,13.4,94.9,131,29.39,6.3,0
soybeans,1,5.2,12.41,13.2,52.0,117,11.39,-8.0,0
corn,0,29.9,15.11,-7.1,54.0,90,17.63,37.0,2
soybeans,1,5.3,16.62,10.1,49.4,178,11.09,-4.8,1
corn,0,17.0,14.49,3.6,77.2,145,22.11,13.4,1
corn,0,15.0,11.29,-0.4,74.3,66,22.03,15.4,1
corn,0,15.3,15.43,5.3,93.6,88,30.29,10.0,1
corn,0,21.7,13.13,11.6,75.4,24,19.94,10.1,1
soybeans,1,11.4,16.22,8.0,66.3,99,14.8,3.4,1
corn,0,13.2,13.52,-3.0,72.0,160,21.9,16.2,1
corn,0,8.5,16.26,9.9,73.6,105,19.68,-1.4,1
corn,0,23.3,13.45,-1.1,48.6,19,15.13,24.4,1
corn,0,17.7,12.96,5.7,99.0,66,39.81,12.0,1
soybeans,1,20.1,10.75,1.6,79.3,60,19.12,18.6,1
corn,0,21.3,13.01,2.2,74.9,115,21.62,19.0,1
soybeans,1,28.9,14.52,10.1,80.6,15,18.6,18.8,2
soybeans,1,27.8,14.38,-4.3,81.9,85,20.87,32.1,2
corn,0,18.1,15.3,19.6,70.0,163,17.21,-1.5,1
soybeans,1,17.0,16.44,-10.6,63.2,155,15.88,27.6,2
corn,0,12.5,14.25,-0.8,80.4,88,24.37,13.3,1
corn,0,20.8,14.32,7.0,77.4,7,21.45,13.9,1
corn,0,20.6,16.2,8.7,60.7,6,16.44,11.9,1
soybeans,1,11.3,14.62,3.2,91.9,125,24.9,8.1,1
soybeans,1,20.7,12.54,3.5,76.1,33,17.86,17.1,1
corn,0,22.6,13.26,7.3,82.2,58,23.17,15.3,1
soybeans,1,8.7,10.5,2.2,91.5,177,24.79,6.6,0
corn,0,17.2,12.51,15.1,72.3,145,18.44,2.1,0
corn,0,15.6,11.16,10.7,76.4,110,20.41,4.9,0
corn,0,16.0,14.83,11.0,83.3,42,22.85,5.0,1
soybeans,1,9.8,16.38,-3.7,61.9,94,14.83,13.5,1
soybeans,1,4.1,12.51,3.4,72.8,168,16.9,0.8,0
corn,0,11.1,12.57,1.6,73.8,174,21.38,9.5,1
corn,0,10.2,15.9,-4.0,58.6,129,18.2,14.2,2
corn,0,18.3,13.39,6.9,99.0,79,39.37,11.4,1
corn,0,18.4,14.66,-0.3,52.3,95,15.88,18.7,1
corn,0,18.0,15.54,9.2,53.8,111,14.78,8.8,1
soybeans,1,6.9,12.93,-4.6,90.4,97,25.15,11.5,1
corn,0,8.7,12.96,17.8,82.0,163,21.08,-9.0,0
corn,0,12.0,13.29,-3.2,57.6,119,17.75,15.2,1
corn,0,16.2,11.4,5.8,80.5,69,22.83,10.4,1
soybeans,1,13.8,15.08,10.3,92.5,133,24.34,3.5,1
soybeans,1,18.0,15.28,-0.6,71.6,145,16.99,18.6,2
corn,0,22.3,14.34,10.8,99.0,52,37.98,11.5,1
soybeans,1,9.5,16.65,-5.8,47.9,142,11.95,15.3,2
corn,0,9.8,13.73,15.6,81.7,122,21.35,-5.9,0
corn,0,16.9,15.31,4.1,88.3,29,26.86,12.8,1
corn,0,15.5,15.07,-0.8,84.5,136,26.19,16.2,2
corn,0,20.8,12.76,1.6,69.1,104,19.94,19.2,1
corn,0,16.0,16.28,10.5,67.9,1,17.99,5.6,1
soybeans,1,27.3,14.43,-0.7,78.2,29,19.03,28.0,2
soybeans,1,5.7,15.95,-2.0,83.4,164,21.15,7.7,1
soybeans,1,21.5,11.86,2.2,80.4,179,19.45,19.2,1
corn,0,17.3,14.4,-5.4,86.6,165,28.75,22.7,1
corn,0,6.9,13.37,18.6,57.7,69,14.48,-11.7,0
soybeans,1,2.6,12.67,-0.5,68.8,53,16.24,3.1,0
corn,0,8.7,16.74,10.7,58.8,124,15.72,-2.0,1
corn,0,23.9,14.55,5.7,66.6,88,18.44,18.2,1
corn,0,23.1,11.54,-3.9,86.2,83,28.03,27.0,1
soybeans,1,15.2,13.3,4.0,73.5,12,17.05,11.2,1
corn,0,13.6,15.89,10.3,99.0,52,38.17,3.4,1
corn,0,10.4,12.66,2.5,74.7,129,21.49,7.9,0
soybeans,1,14.8,12.48,13.5,72.8,135,15.94,1.2,0
corn,0,12.9,13.94,12.2,73.5,145,19.25,0.7,0
corn,0,27.1,15.04,11.4,63.1,127,16.62,15.8,2
corn,0,8.0,12.89,0.3,71.2,171,20.84,7.6,0
corn,0,18.6,14.9,-4.6,87.8,71,29.2,23.2,1
soybeans,1,27.4,14.26,-0.9,73.6,17,17.61,28.3,2
corn,0,21.0,14.48,5.6,60.9,3,16.98,15.5,1
corn,0,8.7,10.5,8.4,59.0,29,16.1,0.3,0
soybeans,1,6.0,14.23,-13.4,65.7,22,16.89,19.3,2
soybeans,1,17.8,13.75,3.9,73.0,166,16.92,13.8,1
soybeans,1,17.0,14.9,5.3,88.7,54,22.64,11.7,1
corn,0,24.0,13.02,1.8,53.2,107,15.75,22.2,1
corn,0,19.6,13.53,14.3,67.5,178,17.29,5.2,0
soybeans,1,12.8,15.16,7.4,74.0,69,16.84,5.5,1
soybeans,1,12.4,16.8,14.5,46.3,158,10.27,-2.1,1
corn,0,7.5,11.82,2.3,60.3,151,17.41,5.2,0
corn,0,16.8,15.12,11.5,62.5,120,16.46,5.3,1
corn,0,6.9,16.4,17.1,60.9,47,15.34,-10.2,1
soybeans,1,21.9,15.45,14.5,74.7,149,16.35,7.4,1
corn,0,19.8,16.27,-4.7,69.8,20,21.6,24.6,2
corn,0,19.6,13.22,2.0,64.2,151,18.48,17.7,1
corn,0,7.4,16.43,1.2,78.0,149,22.93,6.2,1
soybeans,1,15.0,12.9,7.9,96.1,21,28.17,7.1,0
soybeans,1,13.5,14.3,9.5,94.9,1,26.55,4.0,1
corn,0,16.7,13.3,-2.7,45.1,143,14.56,19.4,1
soybeans,1,19.4,13.37,4.5,80.1,17,19.04,14.9,1
soybeans,1,12.7,11.1,-12.2,69.5,51,17.79,24.8,1
corn,0,12.9,10.65,15.5,74.2,14,18.91,-2.6,0
corn,0,20.4,16.32,-0.1,66.4,59,19.51,20.5,2
corn,0,8.7,10.96,4.4,73.6,83,20.73,4.2,0
soybeans,1,11.1,14.65,1.5,74.1,50,17.49,9.6,1
corn,0,16.0,11.86,13.2,63.9,124,16.56,2.9,0
soybeans,1,21.8,12.67,-18.0,59.5,34,15.47,39.8,1
soybeans,1,9.7,15.43,3.9,65.7,6,15.03,5.8,1
corn,0,27.6,14.49,3.2,75.3,109,21.53,24.5,1
soybeans,1,7.2,13.97,0.4,80.4,49,19.66,6.8,1
corn,0,26.1,16.26,17.8,83.9,6,21.82,8.3,1
corn,0,23.8,13.68,-3.1,65.1,117,19.78,26.9,1
soybeans,1,6.7,16.41,10.2,76.0,118,17.13,-3.5,1
soybeans,1,5.4,12.28,6.9,85.5,7,20.86,-1.5,0
corn,0,20.7,12.06,14.1,88.3,97,24.52,6.6,0
soybeans,1,13.5,13.95,-1.3,71.2,179,16.96,14.9,1
soybeans,1,9.5,14.21,-1.9,68.9,118,16.4,11.3,1
corn,0,27.8,12.65,12.8,74.7,129,19.51,15.0,1
soybeans,1,8.2,13.7,7.4,55.9,141,12.56,0.8,1
corn,0,11.3,16.66,-8.4,69.3,171,22.44,19.6,2
corn,0,12.0,13.49,-0.3,82.4,27,25.11,12.4,1
corn,0,0.0,10.71,7.1,81.0,116,22.73,-7.1,0
soybeans,1,16.6,11.06,10.7,68.2,131,15.02,5.9,0
soybeans,1,10.1,17.96,-1.4,75.0,58,18.1,11.5,1
corn,0,21.3,16.81,-18.0,60.5,89,21.65,39.3,2
corn,0,22.1,13.42,8.2,81.8,97,22.83,13.9,1
soybeans,1,17.5,15.66,-5.8,70.9,17,17.4,23.3,2
corn,0,17.6,14.67,-12.1,68.1,173,23.22,29.7,1
soybeans,1,17.1,16.49,-18.0,66.9,101,17.44,35.1,2
soybeans,1,11.4,12.27,10.5,71.1,29,15.76,0.9,0
corn,0,12.0,12.32,5.0,65.7,102,18.32,7.0,0
soybeans,1,24.6,16.57,2.2,81.2,123,19.73,22.4,2
corn,0,20.8,11.51,15.1,66.5,54,16.92,5.7,0
soybeans,1,17.3,14.33,9.1,94.3,27,25.97,8.2,1
soybeans,1,19.9,14.12,16.9,92.5,102,23.43,3.0,1
soybeans,1,15.6,15.61,-7.1,59.5,117,14.62,22.7,2
corn,0,17.2,14.45,3.7,73.0,104,20.67,13.5,1
soybeans,1,19.9,13.96,-8.9,62.9,45,15.63,28.8,1
corn,0,2.5,13.52,2.2,67.4,114,19.33,0.4,0
corn,0,21.9,12.41,2.0,99.0,87,41.32,19.9,1
corn,0,21.4,13.9,9.0,67.7,31,18.16,12.4,1
corn,0,10.9,16.3,4.4,77.0,164,21.87,6.6,1
corn,0,24.1,13.69,9.0,79.6,37,21.81,15.1,1
soybeans,1,1.6,16.73,9.6,58.0,36,12.83,-8.0,1
soybeans,1,18.3,15.52,21.2,60.0,119,12.43,-2.9,1
corn,0,16.3,15.06,1.5,55.1,5,16.25,14.8,2
soybeans,1,14.0,13.91,-3.5,59.6,174,14.29,17.5,1
corn,0,16.1,13.07,6.0,32.1,52,10.52,10.2,1
soybeans,1,19.8,17.23,-2.4,79.6,49,19.74,22.2,2
soybeans,1,4.3,15.63,15.9,99.0,6,33.05,-11.6,1
corn,0,22.5,13.95,1.7,74.1,123,21.45,20.8,1
soybeans,1,13.3,17.26,-0.5,52.2,138,12.41,13.9,1
corn,0,22.6,15.33,0.2,63.0,118,18.49,22.4,2
corn,0,20.2,11.64,9.7,65.6,23,17.49,10.4,1
soybeans,1,13.2,13.43,2.7,57.8,145,13.32,10.5,1
corn,0,15.5,15.51,-1.1,84.0,110,26.08,16.6,2
corn,0,15.9,16.91,17.3,83.3,44,21.67,-1.5,1
corn,0,26.4,18.45,-2.8,55.8,41,17.22,29.3,2
soybeans,1,8.6,14.25,4.3,82.2,143,19.83,4.3,1
corn,0,13.2,15.31,9.2,93.4,172,29.01,3.9,1
corn,0,5.7,13.1,-9.1,98.6,50,45.27,14.8,1
soybeans,1,16.8,12.6,7.8,99.0,52,34.59,9.0,0
soybeans,1,11.9,11.17,-4.4,59.4,70,14.32,16.4,1
corn,0,12.7,14.9,10.6,99.0,151,38.06,2.2,1
corn,0,25.7,16.48,-3.7,67.0,172,20.5,29.4,2
corn,0,10.6,15.6,9.5,63.7,109,17.05,1.1,1
corn,0,15.0,14.36,12.8,76.6,118,20.08,2.1,1
corn,0,13.0,16.4,10.9,63.9,109,16.88,2.1,1
soybeans,1,13.4,19.51,6.0,77.6,95,18.05,7.4,1
soybeans,1,34.0,12.7,2.1,53.5,44,12.48,31.9,1
soybeans,1,4.7,10.5,-0.6,68.7,67,16.2,5.3,0
corn,0,20.2,14.82,15.8,90.0,156,25.1,4.4,1
soybeans,1,31.8,16.15,-1.6,71.2,67,17.0,33.4,2
corn,0,23.0,11.41,-4.3,74.0,18,22.9,27.3,1
soybeans,1,16.3,15.7,9.3,78.7,155,18.04,7.0,1
soybeans,1,8.4,13.59,-2.4,88.4,179,23.58,10.7,1
corn,0,24.5,14.81,-3.6,48.8,60,15.62,28.1,1
soybeans,1,22.1,12.55,-7.5,80.2,74,20.65,29.6,1
corn,0,6.1,12.44,0.1,68.2,49,19.99,5.9,0
soybeans,1,13.9,12.21,3.3,74.3,15,17.35,10.6,1
corn,0,8.2,15.4,5.9,86.8,73,25.58,2.2,1
corn,0,0.0,13.08,11.6,55.3,143,14.79,-11.6,0
soybeans,1,8.0,14.69,8.2,57.8,179,12.9,-0.2,1
corn,0,16.7,14.25,2.5,44.9,48,13.73,14.2,1
soybeans,1,19.8,12.08,2.4,64.3,72,14.82,17.4,1
corn,0,13.9,14.34,8.1,90.6,113,27.24,5.8,1
soybeans,1,24.9,14.63,14.2,70.3,129,15.23,10.8,1
soybeans,1,22.7,16.11,5.0,53.2,135,12.2,17.7,2
corn,0,15.2,16.89,0.2,65.2,53,19.09,14.9,2
corn,0,14.4,12.36,-3.9,51.2,159,16.26,18.3,1
corn,0,18.5,14.84,-7.6,56.2,18,18.34,26.0,1
corn,0,15.9,10.5,9.3,77.4,12,21.0,6.6,0
corn,0,6.7,15.73,8.6,55.6,48,15.26,-1.9,1
soybeans,1,14.1,16.18,8.6,87.6,30,21.61,5.5,1
soybeans,1,20.3,10.5,3.0,71.0,97,16.46,17.4,1
soybeans,1,24.5,13.59,15.3,73.2,7,15.88,9.3,1
soybeans,1,22.2,12.59,0.1,68.1,92,15.98,22.1,1
soybeans,1,18.2,13.58,11.6,82.8,113,19.23,6.5,1
soybeans,1,25.5,13.23,3.7,83.0,3,20.21,21.8,1
corn,0,18.8,14.12,-0.9,76.7,107,22.97,19.6,1
soybeans,1,15.4,15.98,8.7,79.9,63,18.51,6.7,1
soybeans,1,25.6,13.64,7.3,69.0,134,15.52,18.3,1
corn,0,20.7,12.42,6.9,79.6,102,22.25,13.8,1
corn,0,24.5,13.84,4.7,67.3,15,18.81,19.8,1
corn,0,8.3,13.74,3.7,72.0,171,20.38,4.6,0
corn,0,10.4,14.04,23.1,68.2,91,16.29,-12.7,1
soybeans,1,10.7,13.07,13.5,65.6,81,14.17,-2.8,1
corn,0,17.2,14.85,9.8,62.4,146,16.68,7.4,1
corn,0,27.9,16.53,4.9,78.5,150,22.29,23.0,2
soybeans,1,8.6,11.92,12.1,90.3,61,22.66,-3.5,0
corn,0,21.9,15.01,8.1,88.4,120,25.88,13.7,1
corn,0,8.2,15.93,4.2,54.4,61,15.64,4.0,1
corn,0,29.8,13.42,1.6,90.0,53,28.65,28.2,1
soybeans,1,5.6,16.45,3.4,67.5,26,15.52,2.3,1
soybeans,1,20.8,14.09,-18.0,80.4,115,21.9,38.8,2
corn,0,21.7,12.17,5.7,59.3,40,16.58,16.0,1
soybeans,1,20.0,11.91,0.1,74.0,88,17.61,19.9,1
corn,0,10.3,15.61,16.7,76.4,116,19.39,-6.4,1
soybeans,1,9.1,15.45,4.2,51.2,136,11.86,5.0,1
soybeans,1,24.3,17.02,-5.5,80.5,21,20.49,29.8,2
soybeans,1,22.8,15.41,3.6,90.8,43,24.14,19.2,2
corn,0,22.7,14.02,-4.4,69.6,21,21.44,27.1,1
soybeans,1,23.5,15.07,7.8,91.0,131,23.66,15.7,2
soybeans,1,6.0,14.33,6.3,69.3,31,15.69,-0.3,1
corn,0,5.8,13.6,11.7,83.9,155,22.95,-5.8,0
soybeans,1,11.6,13.21,-2.3,40.9,27,10.3,14.0,1
corn,0,12.9,11.1,4.3,99.0,73,40.38,8.6,0
soybeans,1,12.2,12.86,-6.9,92.9,97,27.47,19.1,1
corn,0,17.8,14.16,9.6,68.0,161,18.15,8.2,1
soybeans,1,23.2,10.5,8.2,44.4,90,10.28,15.1,1
corn,0,14.1,13.27,8.0,76.0,44,20.8,6.1,0
corn,0,10.7,15.86,4.0,51.8,43,15.06,6.7,1
corn,0,21.3,16.62,7.3,78.2,31,21.67,14.0,2
corn,0,14.2,13.25,16.8,77.8,117,19.8,-2.7,0
corn,0,16.7,13.18,1.7,58.8,76,17.13,15.0,1
corn,0,13.8,12.9,5.1,87.7,145,26.24,8.7,0
corn,0,18.2,13.19,-4.7,83.3,143,26.79,22.9,1
corn,0,9.4,16.26,-2.9,85.7,34,27.44,12.4,1
corn,0,20.7,17.13,4.8,72.1,80,20.19,15.9,2
soybeans,1,15.8,11.16,12.8,52.2,4,11.45,3.0,0
corn,0,11.0,12.74,1.9,85.7,72,26.03,9.1,1
soybeans,1,19.5,10.85,2.1,68.2,98,15.81,17.3,1
soybeans,1,11.0,14.15,0.7,52.5,110,12.38,10.3,1
soybeans,1,11.3,13.32,-0.3,90.9,28,24.79,11.6,1
corn,0,8.2,14.85,6.4,99.0,130,39.57,1.8,1
soybeans,1,4.9,15.39,-8.0,71.4,17,17.81,12.9,1
corn,0,19.5,15.19,14.2,99.0,58,36.88,5.2,1
corn,0,23.6,11.24,-1.3,73.3,127,21.9,24.9,1
corn,0,13.1,14.15,9.8,66.7,9,17.77,3.3,1
soybeans,1,10.8,11.15,-6.2,63.2,31,15.4,17.0,1
corn,0,4.2,17.33,9.4,94.9,88,30.47,-5.1,1
corn,0,1.9,13.56,9.4,61.1,62,16.43,-7.5,0
soybeans,1,20.7,11.74,7.1,82.3,19,19.55,13.7,1
soybeans,1,3.2,13.22,-4.0,64.2,81,15.41,7.1,1
corn,0,8.6,14.57,6.0,65.6,107,18.1,2.6,1
corn,0,17.8,15.52,-5.5,86.4,55,28.69,23.3,2
soybeans,1,16.6,16.54,2.0,66.7,156,15.44,14.6,2
corn,0,18.1,14.31,12.2,66.3,112,17.3,5.9,1
corn,0,16.0,13.6,10.4,87.9,123,25.07,5.7,0
corn,0,13.7,15.43,4.1,94.4,178,31.41,9.6,1
soybeans,1,8.6,15.38,-3.8,81.0,65,20.44,12.4,1
soybeans,1,11.9,14.41,9.2,62.8,124,13.9,2.7,1
soybeans,1,14.1,15.66,4.2,64.9,3,14.79,10.0,1
soybeans,1,3.7,13.1,-14.6,73.1,138,19.23,18.3,1
corn,0,10.9,14.16,10.3,76.5,21,20.51,0.6,1
corn,0,13.6,10.54,3.8,58.2,37,16.6,9.8,1
corn,0,11.5,16.7,13.6,82.1,15,21.86,-2.1,1
corn,0,13.8,13.31,-4.8,73.2,87,22.75,18.5,1
corn,0,20.3,16.71,-18.0,48.0,120,17.94,38.3,2
soybeans,1,21.1,13.02,6.2,59.0,137,13.3,14.9,1
soybeans,1,25.8,14.74,6.3,64.9,44,14.62,19.5,2
soybeans,1,6.2,14.3,-9.5,71.0,39,17.88,15.7,2
corn,0,13.3,13.12,-3.8,98.4,133,41.75,17.1,1
soybeans,1,24.0,15.06,26.0,75.3,25,15.56,-2.1,1
soybeans,1,4.7,16.5,1.6,60.2,56,13.96,3.1,1
corn,0,8.4,17.42,9.8,75.1,121,20.14,-1.5,1
soybeans,1,12.0,15.54,-1.2,67.1,90,15.86,13.2,1
corn,0,29.3,12.02,-12.7,76.5,64,26.59,42.0,1
corn,0,9.7,11.67,2.6,80.1,89,23.4,7.0,0
corn,0,23.0,16.25,1.9,88.9,112,27.84,21.2,2
corn,0,15.8,12.4,0.8,71.7,76,20.88,15.0,1
corn,0,8.5,15.31,3.1,94.9,137,32.38,5.5,1
soybeans,1,34.2,14.44,6.1,84.7,138,20.63,28.1,2
soybeans,1,17.3,16.57,2.8,62.1,10,14.27,14.5,2
soybeans,1,18.4,15.12,-6.1,99.0,62,37.81,24.6,2
soybeans,1,19.5,14.14,7.9,76.6,90,17.54,11.6,1
corn,0,19.0,17.91,-11.6,60.3,60,20.55,30.6,2
soybeans,1,30.0,15.68,-12.4,95.1,147,30.88,42.4,2
corn,0,27.6,15.2,9.9,99.0,107,38.29,17.7,2
corn,0,9.9,12.97,8.1,71.5,38,19.4,1.9,0
corn,0,29.1,12.14,3.5,64.9,134,18.38,25.6,1
corn,0,11.4,13.73,-7.2,69.6,143,22.19,18.6,1
corn,0,18.1,11.5,-1.7,82.0,47,25.3,19.8,1
corn,0,6.6,13.62,1.9,89.9,173,28.44,4.7,0
corn,0,22.7,15.64,-8.8,80.0,133,26.63,31.5,2
soybeans,1,14.0,15.97,-1.9,73.4,78,17.67,15.9,2
corn,0,8.5,13.58,9.2,93.0,53,28.67,-0.7,0
corn,0,23.7,19.48,15.4,67.6,62,17.16,8.3,2
corn,0,25.3,16.49,0.6,86.4,23,26.77,24.7,2
soybeans,1,25.6,14.15,10.1,68.0,44,15.01,15.5,2
corn,0,6.1,16.25,-11.3,78.0,52,26.69,17.4,2
corn,0,26.2,13.16,9.3,70.4,46,18.86,17.0,1
corn,0,14.0,14.66,-2.4,71.2,147,21.49,16.5,1
corn,0,29.3,13.55,6.5,66.7,84,18.33,22.9,1
corn,0,20.1,12.02,2.0,90.8,47,29.05,18.0,1
corn,0,17.6,15.16,14.6,61.7,91,15.86,3.1,1
corn,0,16.1,14.19,-3.0,61.6,52,18.79,19.1,1
corn,0,15.9,14.32,9.0,99.0,24,38.6,6.9,1
corn,0,11.6,14.15,1.8,85.7,145,26.08,9.8,1
soybeans,1,9.1,12.58,2.7,38.6,89,9.53,6.3,0
corn,0,13.6,17.06,2.5,64.1,174,18.34,11.1,1
corn,0,23.7,14.65,-2.8,46.6,64,14.94,26.5,1
corn,0,6.9,13.72,3.9,58.7,119,16.72,3.0,0
soybeans,1,24.7,11.84,3.5,28.1,156,7.53,21.2,1
corn,0,16.9,16.73,5.9,70.1,178,19.36,11.0,1
corn,0,21.1,15.85,4.7,56.0,64,15.95,16.4,2
soybeans,1,21.4,14.2,10.4,72.8,156,16.23,11.0,1
corn,0,22.0,11.89,11.4,49.2,86,13.52,10.6,1
corn,0,16.1,17.19,-4.4,73.2,56,22.64,20.6,2
corn,0,16.3,13.54,11.0,66.2,59,17.46,5.4,0
soybeans,1,21.8,12.99,-5.5,93.0,133,27.28,27.3,1
corn,0,9.2,14.11,8.7,91.8,172,27.87,0.5,1
soybeans,1,8.2,14.88,9.0,83.0,170,19.6,-0.7,1
soybeans,1,13.0,13.9,-11.3,67.4,125,17.1,24.3,1
corn,0,17.9,10.5,4.7,99.0,47,40.19,13.1,1
corn,0,28.5,14.65,0.3,50.3,121,15.3,28.2,1
corn,0,16.3,15.86,-2.1,52.4,153,16.2,18.4,2
corn,0,29.0,12.6,14.8,70.8,102,18.09,14.2,1
corn,0,19.4,17.01,-1.2,99.0,44,42.78,20.6,2
soybeans,1,13.1,15.77,-2.5,69.2,15,16.54,15.5,2
soybeans,1,23.5,15.04,4.6,69.4,105,15.88,18.9,2
soybeans,1,14.4,12.37,9.5,51.8,51,11.6,4.9,0
corn,0,17.6,14.7,2.9,85.2,53,25.56,14.8,1
soybeans,1,7.3,14.84,13.3,85.3,34,20.04,-6.0,1
soybeans,1,6.2,14.05,8.2,83.0,124,19.7,-2.1,1
soybeans,1,19.6,15.8,-13.4,63.2,77,16.23,33.0,2
corn,0,23.2,13.55,-0.2,62.1,136,18.35,23.4,1
soybeans,1,28.6,13.71,-0.5,53.9,123,12.77,29.1,1
corn,0,10.7,13.0,7.8,73.2,70,19.92,2.9,0
corn,0,25.5,13.39,-17.0,56.9,21,20.54,42.5,1
corn,0,24.5,13.93,24.4,55.5,108,13.41,0.2,1
soybeans,1,12.8,13.87,8.2,66.1,108,14.72,4.6,1
soybeans,1,25.0,13.78,5.2,65.2,135,14.77,19.8,1
corn,0,22.1,15.86,13.5,64.5,90,16.66,8.7,1
corn,0,23.4,16.9,22.7,78.5,79,19.15,0.7,2
corn,0,30.1,11.89,11.0,73.1,177,19.35,19.1,1
corn,0,23.2,16.86,11.6,68.0,42,17.82,11.6,2
corn,0,2.1,15.41,5.0,74.6,151,20.9,-2.9,1
corn,0,18.1,12.59,2.9,58.1,52,16.75,15.2,1
soybeans,1,5.8,13.61,0.2,73.5,102,17.45,5.6,1
corn,0,17.0,14.71,-2.6,74.1,105,22.5,19.6,1
corn,0,16.6,11.22,-1.5,51.0,79,15.76,18.1,1
corn,0,12.2,14.04,-6.8,85.9,112,28.89,19.0,1
soybeans,1,9.3,15.15,3.4,59.7,104,13.68,5.9,1
soybeans,1,12.6,12.86,-9.5,73.3,16,18.56,22.0,1
soybeans,1,13.8,11.54,5.5,88.3,96,22.39,8.3,0
corn,0,15.1,14.56,3.7,85.0,37,25.21,11.4,1
corn,0,16.7,18.17,5.2,72.5,146,20.22,11.5,1
corn,0,19.8,12.92,-0.2,66.9,148,19.67,20.0,1
soybeans,1,14.0,12.96,28.6,85.3,46,18.47,-14.6,0
soybeans,1,24.3,13.84,14.9,81.4,2,18.39,9.4,1
soybeans,1,15.8,17.03,-6.0,63.3,119,15.42,21.7,2
soybeans,1,22.0,11.23,5.9,60.9,87,13.74,16.1,1
soybeans,1,14.0,15.59,-0.9,43.0,94,10.6,14.9,2
corn,0,33.8,13.35,-4.1,74.2,3,22.91,37.9,1
soybeans,1,19.0,13.51,-6.7,70.8,174,17.49,25.8,1
corn,0,26.6,12.38,7.5,87.9,111,25.78,19.2,1
corn,0,11.5,13.75,-1.5,77.0,177,23.24,12.9,1
corn,0,13.1,12.43,11.7,90.7,1,26.39,1.4,0
corn,0,14.4,13.22,12.0,62.2,105,16.34,2.4,0
corn,0,32.1,10.5,15.0,87.9,22,24.14,17.1,1
corn,0,14.6,11.08,-2.8,64.6,142,19.58,17.4,1
corn,0,10.6,14.81,7.8,82.9,173,23.33,2.8,1
corn,0,24.5,16.47,9.1,51.6,134,14.31,15.4,2
corn,0,16.4,20.01,0.2,75.3,65,22.21,16.2,2
corn,0,14.6,15.86,-2.2,44.2,21,14.27,16.8,2
corn,0,12.0,13.27,16.9,68.3,4,17.12,-4.8,0
corn,0,19.2,10.63,5.8,78.2,131,21.95,13.4,1
soybeans,1,22.9,15.17,9.1,64.7,113,14.33,13.8,1
soybeans,1,21.1,11.59,-2.6,57.3,30,13.68,23.7,1
soybeans,1,12.9,12.75,-5.8,83.8,31,21.87,18.6,1
soybeans,1,9.6,15.79,-0.6,70.6,162,16.71,10.1,1
corn,0,0.0,14.73,3.0,65.1,20,18.54,-3.0,1
soybeans,1,9.9,12.53,-4.5,72.6,54,17.73,14.4,1
corn,0,13.6,11.13,3.9,99.0,126,40.52,9.7,1
corn,0,15.6,14.58,-9.5,88.1,153,31.28,25.1,1
soybeans,1,14.2,14.8,-5.0,88.3,15,23.93,19.2,2
corn,0,34.2,16.91,9.4,78.1,166,21.21,24.8,2
soybeans,1,19.2,10.5,8.8,74.3,151,16.79,10.4,1
soybeans,1,8.0,14.41,0.9,38.5,57,9.62,7.1,1
soybeans,1,20.3,15.85,-4.1,62.5,79,15.03,24.4,2
soybeans,1,18.5,13.44,-4.2,65.3,163,15.72,22.8,1
corn,0,9.2,11.33,1.0,45.8,14,14.13,8.2,0
corn,0,17.9,12.54,9.2,55.8,91,15.23,8.7,0
corn,0,19.4,14.27,11.4,44.3,14,12.48,8.0,1
corn,0,22.7,13.32,0.0,71.5,99,20.99,22.6,1
soybeans,1,4.5,14.75,-5.2,83.5,33,21.63,9.7,1
soybeans,1,20.2,16.5,6.1,87.5,1,21.89,14.1,2
soybeans,1,25.2,13.48,-2.6,77.8,34,19.13,27.8,1
corn,0,28.3,16.4,-0.1,58.5,19,17.39,28.4,2
corn,0,8.0,13.99,14.6,45.0,152,12.28,-6.6,0
corn,0,15.1,14.81,10.6,47.4,4,13.22,4.4,1
corn,0,15.7,13.99,5.3,54.2,164,15.44,10.4,1
soybeans,1,20.4,14.86,-6.2,59.6,77,14.53,26.6,2
corn,0,14.9,15.17,5.7,69.8,58,19.32,9.2,1
corn,0,11.3,15.36,12.5,57.8,160,15.24,-1.2,1
corn,0,17.4,14.21,1.0,76.7,137,22.53,16.4,1
soybeans,1,13.8,10.5,14.8,68.7,103,14.8,-1.0,0
soybeans,1,19.7,15.27,14.3,72.1,67,15.69,5.3,1
corn,0,10.7,10.65,17.3,88.0,116,23.7,-6.6,0
corn,0,9.4,13.11,6.4,55.5,148,15.55,2.9,0
corn,0,24.6,10.5,8.7,77.9,120,21.26,15.9,1
corn,0,30.8,17.26,15.3,71.8,22,18.28,15.5,2
soybeans,1,27.8,14.95,7.6,67.3,112,15.08,20.3,2
soybeans,1,15.5,13.61,-0.0,84.4,75,21.29,15.5,1
corn,0,22.9,16.75,0.4,84.3,176,25.77,22.4,2
corn,0,11.5,15.16,5.9,58.7,136,16.4,5.6,1
soybeans,1,19.3,14.42,-6.3,69.4,143,17.05,25.6,2
corn,0,12.2,14.91,2.9,75.9,32,21.82,9.4,1
soybeans,1,24.2,13.51,12.8,68.2,67,14.83,11.4,1
corn,0,23.3,11.97,-13.5,80.2,4,28.55,36.8,1
corn,0,29.5,15.93,16.3,75.9,30,19.32,13.2,1
corn,0,14.5,14.07,13.0,97.7,13,33.4,1.5,1
corn,0,26.3,11.03,0.3,50.6,21,15.36,25.9,1
soybeans,1,19.3,15.11,8.3,70.3,41,15.74,10.9,1
corn,0,16.5,14.27,4.0,59.3,121,16.84,12.5,1
corn,0,18.2,17.26,13.8,80.5,19,21.21,4.4,1
corn,0,27.0,14.68,11.9,49.4,48,13.49,15.2,1
corn,0,15.1,12.07,-7.2,76.8,86,24.8,22.3,1
corn,0,15.5,10.98,8.7,63.2,63,17.05,6.8,0
corn,0,2.6,16.48,2.4,61.7,148,17.75,0.2,1
soybeans,1,15.0,14.09,4.7,51.7,37,11.93,10.4,1
corn,0,17.7,12.64,-1.8,65.5,31,19.61,19.5,1
corn,0,11.0,12.9,18.0,87.2,74,23.19,-6.9,0
soybeans,1,9.4,16.54,12.3,71.6,146,15.73,-2.9,1
corn,0,4.0,15.05,-1.9,80.8,107,24.85,5.9,1
soybeans,1,12.2,16.17,-6.7,95.3,103,29.84,18.9,2
corn,0,25.2,14.64,0.9,75.7,110,22.18,24.3,1
soybeans,1,6.4,12.69,7.5,64.2,20,14.34,-1.1,0
soybeans,1,21.1,17.42,5.9,78.5,139,18.37,15.2,2
soybeans,1,21.7,13.5,14.0,64.4,86,13.86,7.7,1
soybeans,1,31.9,15.65,10.3,64.9,44,14.28,21.6,2
corn,0,22.7,16.15,11.8,50.7,82,13.79,11.0,1
soybeans,1,22.2,14.21,6.6,85.0,64,20.67,15.6,2
corn,0,18.4,12.2,-7.1,66.6,122,21.22,25.5,1
corn,0,16.0,12.98,2.4,74.5,162,21.45,13.6,1
corn,0,21.5,15.42,12.5,57.5,87,15.17,9.1,1
corn,0,24.1,15.16,3.6,78.1,65,22.42,20.5,2
corn,0,17.1,16.54,8.0,61.3,55,16.7,9.1,1
corn,0,24.4,16.25,1.5,70.0,74,20.24,22.9,2
corn,0,34.7,12.48,-4.2,84.3,117,27.14,39.0,1
soybeans,1,16.5,16.8,3.0,83.1,129,20.34,13.4,1
soybeans,1,16.6,12.35,6.5,71.7,166,16.29,10.2,1
corn,0,15.4,15.27,-1.2,47.2,137,14.83,16.6,2
corn,0,16.9,18.56,2.1,99.0,95,41.27,14.8,2
corn,0,24.0,14.76,-3.5,96.4,145,36.92,27.5,1
corn,0,16.6,11.0,13.0,82.1,99,21.99,3.6,0
corn,0,17.2,13.61,1.6,61.5,112,17.81,15.6,1
corn,0,14.4,18.11,15.6,70.4,52,17.86,-1.2,1
corn,0,19.2,13.83,16.2,64.4,146,16.26,2.9,0
soybeans,1,12.7,16.59,3.4,89.7,33,23.46,9.4,1
corn,0,8.0,12.48,-4.1,75.7,4,23.44,12.1,1
corn,0,18.9,13.56,-12.7,61.0,87,21.09,31.6,1
corn,0,28.9,13.81,-7.8,65.4,75,21.03,36.6,1
corn,0,14.1,17.71,-7.0,87.7,9,30.0,21.1,2
corn,0,9.2,13.65,15.0,94.4,64,28.49,-5.8,0
soybeans,1,28.5,10.81,4.9,93.4,30,25.81,23.5,1
corn,0,16.3,18.49,7.1,82.6,136,23.36,9.2,1
corn,0,22.1,14.61,-13.8,68.5,133,23.89,35.9,1
soybeans,1,11.3,15.38,-5.6,26.6,76,7.7,16.8,2
soybeans,1,16.1,11.31,11.1,76.2,129,17.09,5.0,0
soybeans,1,25.1,14.66,6.3,72.0,15,16.39,18.8,2
corn,0,16.9,14.23,2.8,74.0,89,21.17,14.0,1
soybeans,1,16.9,12.46,8.5,72.8,166,16.38,8.4,0
corn,0,6.3,15.4,17.1,53.4,170,13.74,-10.8,1
corn,0,21.1,11.13,2.2,79.8,128,23.37,18.9,1
corn,0,10.9,12.45,4.6,80.9,174,23.24,6.3,0
corn,0,23.3,16.38,5.5,81.6,26,23.29,17.7,2
corn,0,17.3,12.89,23.1,85.3,61,21.47,-5.8,0
corn,0,17.9,13.31,-12.8,80.5,123,28.37,30.7,1
soybeans,1,21.0,14.36,9.5,66.3,67,14.66,11.6,1
soybeans,1,18.4,13.53,3.1,71.0,150,16.45,15.4,1
soybeans,1,27.2,15.44,8.5,73.3,26,16.52,18.6,2
corn,0,26.1,14.52,-1.3,73.5,83,21.96,27.4,1
soybeans,1,8.1,11.49,3.6,86.0,108,21.5,4.5,0
corn,0,14.9,12.88,9.7,81.0,111,22.2,5.2,0
soybeans,1,21.4,12.68,28.9,99.0,60,30.89,-7.5,0
corn,0,9.9,13.37,10.5,99.0,39,38.1,-0.6,0
soybeans,1,5.8,14.4,-2.8,73.1,123,17.68,8.6,1
corn,0,11.1,14.75,0.6,25.0,36,9.47,10.4,1
soybeans,1,15.3,10.5,0.4,89.3,21,23.68,14.9,1
soybeans,1,0.0,16.05,-10.4,64.4,169,16.19,10.4,1
corn,0,8.8,14.04,1.4,60.8,118,17.69,7.4,1
corn,0,4.4,12.18,9.9,66.4,48,17.69,-5.4,0
soybeans,1,23.5,15.91,-6.2,65.7,26,16.05,29.6,2
corn,0,22.1,10.5,12.4,80.6,36,21.52,9.7,1
soybeans,1,17.8,11.36,7.9,50.2,152,11.39,9.9,1
corn,0,16.7,18.03,-1.9,56.9,128,17.31,18.5,2
corn,0,19.5,14.46,2.9,76.8,149,22.12,16.7,1
corn,0,9.5,12.87,16.8,80.7,146,20.79,-7.3,0
corn,0,24.1,14.4,9.9,81.0,15,22.15,14.3,1
soybeans,1,16.6,13.87,4.1,61.0,79,13.91,12.5,1
corn,0,22.0,14.26,2.1,58.3,134,16.93,19.9,1
corn,0,21.7,15.08,4.6,64.9,171,18.18,17.1,2
corn,0,19.5,13.84,-0.1,75.4,159,22.31,19.6,1
corn,0,18.0,14.84,-12.8,92.8,28,36.67,30.9,1
soybeans,1,17.5,13.92,20.3,43.3,136,9.43,-2.8,1
soybeans,1,15.6,12.72,5.2,68.9,157,15.69,10.3,1
corn,0,19.1,12.21,7.2,53.3,149,14.95,12.0,1
soybeans,1,17.3,16.57,3.5,48.9,120,11.44,13.8,1
soybeans,1,12.8,15.37,-1.9,85.5,88,22.06,14.7,2
corn,0,20.0,16.07,2.5,79.6,178,23.24,17.5,2
soybeans,1,17.8,14.21,-8.8,78.3,31,20.13,26.6,2
corn,0,23.9,14.61,22.2,84.9,47,21.47,1.6,1
corn,0,4.2,13.88,-5.9,65.3,34,20.5,10.1,1
soybeans,1,16.2,16.28,-4.3,65.9,2,15.89,20.5,2
corn,0,11.3,13.58,0.5,99.0,106,41.99,10.8,1
soybeans,1,12.6,12.43,14.3,68.5,94,14.79,-1.7,0
soybeans,1,19.6,15.14,4.1,82.3,72,19.9,15.5,2
corn,0,6.7,13.93,-5.9,72.1,52,22.68,12.6,1
soybeans,1,16.9,14.65,14.0,46.1,135,10.25,2.8,1
corn,0,16.2,15.48,9.8,43.4,147,12.47,6.3,1
corn,0,9.2,13.16,8.3,63.9,90,17.29,0.9,0
soybeans,1,17.0,13.81,9.7,86.8,92,21.1,7.3,1
soybeans,1,11.0,13.64,23.2,83.0,143,18.15,-12.1,1
corn,0,30.3,16.52,21.5,84.8,78,21.55,8.8,2
corn,0,23.8,14.23,-1.5,58.2,176,17.56,25.3,1
soybeans,1,16.4,14.48,17.0,94.6,125,25.14,-0.6,1
soybeans,1,13.2,12.12,7.1,58.5,142,13.13,6.1,0
soybeans,1,19.3,15.52,8.0,75.0,131,17.06,11.3,1
corn,0,21.0,14.97,-9.5,71.9,50,23.67,30.5,1
corn,0,17.7,12.7,2.6,69.6,93,19.86,15.0,1
corn,0,9.4,17.66,-2.5,90.7,124,30.44,11.9,1
soybeans,1,14.6,14.81,10.6,62.1,54,13.63,4.0,1
corn,0,16.5,13.08,12.6,53.1,134,14.2,3.9,0
corn,0,17.9,14.19,-12.6,72.3,177,24.86,30.5,1
soybeans,1,18.0,13.54,3.8,66.4,151,15.2,14.2,1
corn,0,20.8,16.98,13.0,99.0,78,37.27,7.8,2
soybeans,1,24.7,15.88,2.5,81.5,78,19.79,22.2,2
soybeans,1,22.6,15.02,9.8,66.3,20,14.63,12.7,1
soybeans,1,19.8,17.29,6.8,57.2,91,12.88,13.0,1
corn,0,7.8,12.33,6.7,45.7,99,13.33,1.1,0
corn,0,23.7,15.6,1.8,57.6,173,16.81,21.9,2
soybeans,1,21.3,15.19,-5.7,73.6,56,18.19,27.1,2
soybeans,1,14.3,13.79,-5.0,92.0,2,26.34,19.3,1
soybeans,1,16.2,13.79,9.7,87.7,105,21.54,6.5,1
corn,0,16.4,15.86,4.2,75.2,173,21.3,12.3,1
soybeans,1,13.2,15.73,2.9,67.5,168,15.55,10.3,1
soybeans,1,4.6,11.64,0.6,75.8,112,18.09,4.0,0
soybeans,1,8.7,17.47,1.6,64.7,24,15.01,7.2,1
soybeans,1,10.1,16.26,12.4,96.1,157,27.37,-2.3,1
soybeans,1,3.2,13.69,1.3,69.4,109,16.19,1.9,1
soybeans,1,8.8,12.78,-6.7,70.8,68,17.48,15.5,1
corn,0,23.4,16.2,9.9,41.0,114,11.96,13.5,1
corn,0,19.2,15.09,2.4,69.3,84,19.82,16.8,2
corn,0,9.7,15.49,4.3,83.7,49,24.5,5.4,1
corn,0,11.5,15.23,16.9,57.1,32,14.53,-5.3,1
corn,0,24.0,16.39,3.8,61.5,61,17.43,20.2,2
corn,0,23.8,15.74,6.3,83.1,170,23.75,17.5,2
corn,0,16.5,13.24,-5.4,51.3,129,16.59,21.9,1
corn,0,23.6,13.13,2.2,86.8,102,26.53,21.4,1
soybeans,1,11.0,14.84,8.9,64.5,35,14.31,2.1,1
soybeans,1,17.5,18.32,-8.4,66.6,51,16.52,25.9,2
corn,0,6.4,13.93,5.6,56.3,45,15.86,0.8,0
soybeans,1,13.6,14.85,4.8,77.3,77,18.09,8.8,1
corn,0,16.2,15.81,4.3,99.0,113,40.36,11.9,1
corn,0,5.0,13.45,12.3,82.9,65,22.43,-7.3,0
corn,0,19.9,15.64,6.7,59.9,14,16.56,13.2,1
corn,0,20.9,14.23,15.8,87.9,93,23.95,5.1,1
soybeans,1,22.6,16.45,-3.9,67.6,131,16.28,26.5,2
soybeans,1,31.2,12.5,5.1,91.2,24,24.18,26.1,1
corn,0,18.7,18.36,4.7,83.3,65,24.22,14.0,2
corn,0,15.6,13.64,-4.6,30.8,176,11.45,20.1,1
corn,0,5.6,15.14,11.7,57.9,138,15.38,-6.1,1
corn,0,18.5,14.21,22.6,85.2,13,21.54,-4.0,1
corn,0,19.6,12.26,3.9,74.1,142,21.0,15.8,1
corn,0,7.2,15.7,8.0,57.7,100,15.82,-0.9,1
soybeans,1,14.4,13.72,4.7,63.1,138,14.35,9.8,1
soybeans,1,16.1,15.15,-1.7,45.3,168,11.11,17.8,2
corn,0,19.4,12.75,-10.6,70.8,151,23.62,30.0,1
soybeans,1,21.6,13.73,-1.6,99.0,99,36.69,23.2,1
corn,0,12.5,13.67,-7.1,83.3,55,27.6,19.6,1
corn,0,17.3,15.19,17.6,99.0,63,35.87,-0.3,1
corn,0,19.7,14.75,3.1,84.4,71,25.09,16.7,1
soybeans,1,14.8,13.88,1.2,86.4,170,22.02,13.6,1
soybeans,1,13.3,13.53,11.1,99.0,99,33.94,2.1,1
soybeans,1,20.6,14.77,-5.0,77.3,66,19.26,25.6,2
corn,0,14.8,14.56,-2.1,69.4,79,20.84,17.0,1
soybeans,1,8.2,14.43,4.5,86.5,73,21.6,3.7,1
corn,0,24.9,17.74,12.2,92.4,47,27.44,12.7,2
soybeans,1,8.9,15.19,8.0,65.3,81,14.55,0.9,1
corn,0,15.4,17.66,6.0,61.9,126,17.17,9.4,1
corn,0,18.1,14.07,4.6,73.9,52,20.79,13.5,1
corn,0,19.0,14.11,7.2,83.6,146,23.78,11.8,1
soybeans,1,17.1,13.29,5.6,83.2,146,20.06,11.5,1
corn,0,0.0,14.74,-4.2,52.1,152,16.54,4.2,1
soybeans,1,11.4,13.61,4.4,98.8,23,34.35,7.1,1
corn,0,17.9,13.36,-4.6,63.0,140,19.53,22.5,1
soybeans,1,15.3,10.78,4.6,68.3,151,15.58,10.6,1
soybeans,1,19.3,16.84,0.2,59.4,21,13.89,19.2,2
soybeans,1,22.6,13.51,24.3,99.0,64,31.61,-1.7,1
corn,0,19.3,16.85,3.7,75.4,72,21.46,15.6,2
corn,0,11.3,14.03,-7.2,60.1,162,19.33,18.5,1
corn,0,12.5,15.36,2.9,84.1,130,25.01,9.6,1
soybeans,1,26.6,14.33,8.2,82.8,69,19.6,18.4,2
corn,0,14.8,14.95,17.4,69.4,159,17.33,-2.6,1
corn,0,15.4,12.38,-0.7,83.8,68,25.83,16.1,1
corn,0,19.3,16.33,-8.7,60.4,147,19.79,28.0,2
corn,0,24.0,13.54,10.5,65.1,128,17.25,13.5,1
soybeans,1,10.1,15.87,-7.0,43.9,107,11.22,17.2,2
corn,0,12.8,11.57,0.5,53.5,109,16.02,12.3,1
soybeans,1,5.6,12.84,1.9,97.3,72,31.1,3.6,0
corn,0,14.1,14.87,3.4,95.0,103,32.3,10.6,1
corn,0,19.7,13.91,9.5,72.9,141,19.54,10.2,1
corn,0,13.6,15.02,-1.5,95.3,65,34.4,15.1,2
corn,0,27.4,14.57,1.8,69.8,134,20.08,25.6,1
corn,0,16.8,17.49,3.9,68.6,112,19.33,12.9,1
soybeans,1,15.3,15.17,5.2,72.8,155,16.72,10.1,1
corn,0,13.7,13.42,4.8,70.3,79,19.63,8.9,0
soybeans,1,7.2,13.49,7.5,69.0,126,15.49,-0.3,1
corn,0,15.4,16.37,10.8,88.0,121,25.07,4.7,1
corn,0,18.3,11.45,7.1,74.1,87,20.34,11.2,1
soybeans,1,15.2,15.21,7.6,82.0,48,19.37,7.6,1
corn,0,17.5,12.19,-8.7,86.4,88,29.87,26.2,1
corn,0,11.6,16.2,4.4,77.4,68,22.0,7.2,1
corn,0,7.9,13.42,7.8,58.4,172,16.03,0.1,0
corn,0,15.3,15.15,9.8,53.1,101,14.53,5.5,1
soybeans,1,17.4,14.27,-1.5,74.1,17,17.82,19.0,2
corn,0,14.9,11.7,-1.3,69.6,38,20.71,16.2,1
soybeans,1,17.3,15.35,-0.6,73.2,138,17.46,17.9,2
soybeans,1,21.0,12.9,8.3,71.8,54,16.14,12.8,1
corn,0,21.0,15.64,12.3,99.0,134,37.5,8.8,1
soybeans,1,21.6,12.4,0.7,53.4,134,12.56,20.8,1
corn,0,22.5,14.64,11.3,44.1,52,12.47,11.3,1
soybeans,1,19.2,14.27,5.0,76.7,15,17.87,14.2,2
corn,0,18.3,13.12,3.0,66.7,68,18.97,15.3,1
soybeans,1,28.6,16.68,2.3,76.4,112,18.1,26.3,2
corn,0,21.1,14.26,10.0,80.2,104,21.83,11.1,1
corn,0,10.5,13.44,6.6,90.0,7,27.2,3.9,0
soybeans,1,3.9,14.74,22.2,50.9,51,10.66,-18.3,1
soybeans,1,14.4,11.58,-2.8,64.2,58,15.31,17.3,1
corn,0,20.1,18.61,8.1,78.0,109,21.42,11.9,2
corn,0,22.2,12.25,-0.2,82.8,111,25.25,22.5,1
soybeans,1,7.9,15.19,-3.0,99.0,154,37.01,10.8,1
soybeans,1,20.7,14.31,3.9,85.4,31,21.19,16.8,2
soybeans,1,23.4,16.32,5.1,71.2,92,16.3,18.3,2
soybeans,1,20.0,14.52,27.3,59.5,106,11.96,-7.4,1
soybeans,1,18.7,13.05,2.5,64.1,13,14.76,16.2,1
soybeans,1,15.1,10.86,-5.0,63.7,146,15.41,20.2,1
corn,0,13.0,11.0,6.2,81.2,119,23.0,6.8,0
corn,0,21.1,13.77,-12.6,75.6,141,26.15,33.7,1
soybeans,1,19.8,16.67,3.3,53.5,115,12.38,16.5,2
soybeans,1,13.9,11.19,4.1,65.9,152,15.04,9.7,1
corn,0,32.5,17.53,10.4,84.3,57,23.38,22.2,2
corn,0,6.2,16.16,11.8,76.9,126,20.38,-5.6,1
soybeans,1,14.5,11.77,-0.0,80.0,157,19.56,14.5,1
corn,0,11.0,12.25,2.8,77.4,54,22.33,8.2,0
corn,0,18.5,12.43,-2.1,94.8,133,34.03,20.6,1
corn,0,3.3,14.74,-5.0,75.3,163,23.57,8.4,1
corn,0,24.3,14.1,6.5,66.6,19,18.3,17.8,1
corn,0,22.5,14.03,-6.2,59.2,77,18.83,28.7,1
corn,0,17.7,13.29,0.7,75.5,69,22.17,17.1,1
corn,0,14.0,14.52,-4.0,37.8,44,13.04,17.9,1
soybeans,1,20.7,15.71,8.4,69.4,38,15.52,12.3,2
corn,0,18.1,13.97,18.4,69.1,62,17.13,-0.3,0
soybeans,1,22.2,13.01,-6.4,52.9,22,13.06,28.6,1
soybeans,1,15.2,15.99,-10.8,59.0,73,14.89,26.0,2
corn,0,14.8,13.8,3.0,83.3,168,24.65,11.8,1
soybeans,1,23.0,15.19,4.1,75.2,154,17.53,18.9,2
corn,0,20.1,14.02,5.7,73.4,125,20.4,14.4,1
soybeans,1,14.9,16.15,0.4,76.3,5,18.27,14.4,2
corn,0,18.4,16.42,2.4,73.3,54,21.05,16.0,2
soybeans,1,17.2,16.36,6.9,89.4,86,22.79,10.3,1
soybeans,1,19.0,13.21,12.3,73.7,177,16.29,6.7,1
corn,0,24.3,13.19,-11.6,51.6,3,18.06,35.9,1
corn,0,13.7,15.77,1.0,94.8,38,32.93,12.7,1
soybeans,1,11.8,14.08,5.7,77.2,142,17.96,6.1,1
soybeans,1,17.8,14.14,-3.3,63.8,175,15.25,21.1,2
corn,0,12.5,12.95,17.8,54.5,142,13.87,-5.3,0
soybeans,1,10.1,16.74,-1.1,77.5,73,18.86,11.2,1
corn,0,22.5,16.07,3.7,70.4,38,19.88,18.8,2
soybeans,1,14.1,13.99,8.4,94.0,172,25.83,5.7,1
corn,0,3.9,13.04,-0.7,67.2,125,19.86,4.6,0
soybeans,1,21.5,12.96,-10.8,60.3,70,15.19,32.3,1
corn,0,13.2,14.44,0.6,84.5,65,25.84,12.6,1
corn,0,19.8,14.9,12.2,85.0,25,23.29,7.5,1
corn,0,23.0,12.65,1.3,74.4,16,21.64,21.7,1
corn,0,17.2,11.96,-2.8,81.5,15,25.38,20.0,1
corn,0,2.8,14.34,11.4,71.5,131,18.8,-8.6,1
corn,0,3.2,15.76,1.4,75.3,37,21.94,1.9,1
soybeans,1,11.6,14.33,-0.1,88.3,125,23.19,11.7,1
corn,0,15.6,13.75,5.2,80.8,113,23.05,10.4,1
corn,0,23.8,12.17,10.2,69.6,166,18.49,13.6,1
corn,0,17.9,13.06,23.1,90.9,1,24.26,-5.2,0
corn,0,33.0,15.78,10.6,38.9,71,11.46,22.4,2
corn,0,6.3,11.94,13.3,99.0,103,37.18,-7.0,0
corn,0,16.8,17.39,-0.0,48.1,19,14.84,16.8,2
corn,0,13.1,14.35,-4.2,63.2,52,19.5,17.3,1
corn,0,17.5,11.34,4.5,71.4,118,20.04,13.0,1
corn,0,27.4,15.11,4.9,69.9,158,19.53,22.5,2
corn,0,27.8,15.01,-4.6,86.1,107,28.22,32.4,2
corn,0,16.4,13.41,2.6,57.2,55,16.57,13.8,1
corn,0,21.6,15.89,7.2,75.7,14,20.82,14.4,2
soybeans,1,17.4,13.08,6.9,63.9,13,14.33,10.5,1
corn,0,9.0,15.34,8.0,76.1,84,20.81,1.0,1
soybeans,1,16.1,14.14,6.3,71.1,90,16.15,9.8,1
corn,0,12.7,13.69,-0.1,73.3,27,21.6,12.8,1
soybeans,1,15.6,16.62,-0.1,64.3,89,15.06,15.7,2
soybeans,1,10.5,15.97,-5.6,64.9,137,15.76,16.1,2
corn,0,17.0,12.21,18.3,76.0,41,19.04,-1.3,0
soybeans,1,18.0,14.88,4.1,85.2,48,21.1,13.9,1
corn,0,20.6,17.61,2.2,63.6,12,18.28,18.4,2
corn,0,18.0,16.66,-3.4,59.8,138,18.39,21.4,2
soybeans,1,26.6,12.56,27.5,80.6,6,16.95,-0.9,1
soybeans,1,30.2,17.07,-4.6,71.5,162,17.44,34.8,2
corn,0,13.4,15.87,0.6,83.6,41,25.41,12.8,1
corn,0,22.3,12.31,7.3,59.3,6,16.32,15.0,1
corn,0,29.7,14.57,8.8,47.1,130,13.37,20.9,1
corn,0,22.5,15.06,11.7,64.5,15,16.94,10.8,1
soybeans,1,20.7,12.26,18.5,61.3,145,12.87,2.2,0
corn,0,4.2,15.47,8.0,70.9,16,19.21,-3.9,1
corn,0,12.4,18.57,-4.4,63.1,156,19.52,16.8,2
corn,0,13.3,16.66,1.9,82.4,85,24.49,11.4,1
corn,0,25.0,14.49,6.5,68.0,10,18.67,18.6,1
corn,0,11.3,13.69,20.5,74.1,138,18.16,-9.3,0
soybeans,1,15.4,14.79,-7.2,74.2,138,18.55,22.6,2
soybeans,1,21.5,12.44,13.6,74.7,156,16.44,7.8,0
soybeans,1,11.0,13.34,5.4,71.7,152,16.39,5.5,1
corn,0,17.8,10.67,10.7,79.1,19,21.32,7.1,0
soybeans,1,17.0,14.98,3.2,60.9,68,13.96,13.8,1
soybeans,1,21.7,13.59,-2.7,91.6,42,25.66,24.4,1
soybeans,1,20.3,15.31,10.0,68.7,140,15.19,10.3,1
corn,0,20.1,14.42,9.2,53.6,146,14.74,10.8,1
corn,0,17.3,12.38,11.8,74.6,151,19.66,5.5,0
corn,0,5.1,14.56,3.9,60.1,84,17.06,1.2,1
corn,0,16.9,12.92,-0.8,81.3,134,24.76,17.7,1
corn,0,16.4,17.18,-8.5,99.0,53,46.65,24.8,2
corn,0,21.0,12.68,10.6,61.0,98,16.24,10.4,1
corn,0,13.3,13.35,7.4,76.7,42,21.11,5.9,0
soybeans,1,16.3,12.38,-3.7,47.4,30,11.69,20.0,1
corn,0,16.5,12.22,-0.3,78.4,9,23.45,16.8,1
corn,0,11.4,14.25,0.3,59.6,170,17.59,11.1,1
soybeans,1,8.5,11.96,-7.9,63.3,34,15.6,16.4,1
soybeans,1,18.5,13.86,-2.5,56.6,168,13.52,21.0,1
soybeans,1,22.6,14.97,-5.1,82.3,88,21.1,27.6,2
soybeans,1,11.9,13.44,0.7,86.1,145,21.96,11.2,1
corn,0,14.6,10.5,-1.9,72.3,157,21.72,16.5,1
soybeans,1,21.4,16.6,-9.0,59.9,50,14.91,30.4,2
corn,0,22.0,14.68,20.2,94.3,76,27.21,1.8,1
corn,0,17.5,14.7,14.0,61.5,177,15.88,3.5,1
corn,0,18.7,13.78,-2.2,41.7,46,13.69,20.9,1
corn,0,19.5,15.66,6.2,78.4,46,21.97,13.3,1
corn,0,20.6,15.89,7.3,56.5,126,15.66,13.3,1
soybeans,1,9.0,16.07,13.5,85.8,17,20.23,-4.5,1
soybeans,1,28.5,14.68,-2.5,66.7,66,15.89,31.0,2
corn,0,17.8,11.72,12.7,80.5,104,21.41,5.0,0
corn,0,20.7,14.93,-0.4,91.6,5,30.4,21.1,1
soybeans,1,11.0,14.68,-6.7,55.1,123,13.57,17.7,2
soybeans,1,14.8,13.21,9.8,64.1,125,14.13,5.0,1
corn,0,18.5,12.76,14.3,70.9,112,18.19,4.1,0
soybeans,1,4.3,15.18,24.7,93.5,16,23.23,-20.4,1
corn,0,10.1,14.06,-5.6,62.8,81,19.7,15.7,1
corn,0,11.3,13.5,9.6,63.7,91,17.03,1.7,0
soybeans,1,7.7,17.21,0.7,78.7,135,19.02,7.0,1
corn,0,16.7,15.41,10.3,63.9,136,16.99,6.4,1
corn,0,15.5,14.98,-7.8,74.1,72,23.95,23.3,1
soybeans,1,25.3,16.39,-6.1,50.3,96,12.48,31.4,2
soybeans,1,8.7,14.79,-2.2,99.0,111,36.82,10.9,1
corn,0,17.5,12.93,4.6,53.1,82,15.28,12.9,1
corn,0,10.3,13.5,-1.1,67.5,38,20.04,11.4,1
corn,0,4.8,15.52,9.3,71.5,54,19.18,-4.4,1
soybeans,1,19.8,15.32,12.2,98.8,76,32.85,7.6,1
corn,0,20.4,15.0,8.8,53.5,15,14.76,11.6,1
corn,0,19.6,12.15,17.0,99.0,178,36.07,2.6,0
soybeans,1,7.4,15.66,7.3,82.6,116,19.64,0.1,1
corn,0,16.5,14.08,-5.7,77.8,9,24.75,22.3,1
corn,0,19.9,15.28,14.9,58.2,8,15.02,5.0,1
corn,0,22.2,12.71,-0.8,80.0,110,24.23,23.0,1
soybeans,1,20.1,17.74,11.3,61.9,147,13.52,8.8,2
corn,0,22.3,14.65,16.6,89.7,51,24.78,5.7,1
corn,0,22.9,13.45,7.7,58.4,31,16.05,15.3,1
soybeans,1,16.7,15.36,-8.0,70.4,102,17.52,24.7,2
corn,0,19.2,15.74,-3.3,64.2,3,19.59,22.6,2
corn,0,22.5,15.34,14.6,58.2,99,15.05,7.9,1
corn,0,18.5,12.41,2.6,82.4,83,24.32,15.9,1
corn,0,23.8,16.26,4.6,79.5,43,22.7,19.2,2
corn,0,21.7,13.58,10.1,88.9,29,25.72,11.6,1
corn,0,11.9,14.17,9.6,47.1,10,13.28,2.3,1
corn,0,7.5,10.5,6.2,86.9,140,25.54,1.3,0
corn,0,16.1,13.36,2.3,99.0,46,41.18,13.8,1
soybeans,1,8.3,13.35,1.5,65.7,30,15.24,6.8,1
soybeans,1,16.5,15.01,10.9,98.5,94,32.29,5.7,1
soybeans,1,16.0,13.26,8.4,68.3,32,15.24,7.5,1
soybeans,1,24.5,11.28,1.9,52.8,47,12.34,22.5,1
corn,0,19.3,14.64,12.7,67.7,88,17.59,6.6,1
soybeans,1,22.4,13.75,3.0,86.7,63,21.92,19.4,1
corn,0,12.8,12.89,-2.8,60.3,154,18.38,15.6,1
soybeans,1,25.9,14.36,-2.1,63.6,131,15.08,28.0,2
soybeans,1,21.8,11.0,-3.8,80.3,23,20.18,25.6,1
soybeans,1,18.8,15.32,1.8,72.0,74,16.86,17.0,2
soybeans,1,4.3,13.87,13.9,80.2,50,18.07,-9.6,1
corn,0,23.7,13.72,-2.4,75.3,164,22.88,26.1,1
corn,0,27.5,15.92,5.5,78.7,124,22.22,22.0,2
corn,0,16.1,13.24,-1.3,65.9,13,19.62,17.3,1
corn,0,16.2,14.67,1.9,75.2,126,21.8,14.3,1
corn,0,12.6,13.97,-8.1,59.0,29,19.23,20.7,1
soybeans,1,5.4,19.99,2.2,90.0,166,23.83,3.2,1
soybeans,1,12.3,15.08,2.5,63.1,121,14.54,9.9,1
corn,0,26.8,12.15,8.3,87.8,90,25.51,18.5,1
soybeans,1,23.0,17.35,5.8,68.7,133,15.59,17.2,2
soybeans,1,11.0,16.08,-5.6,74.8,148,18.54,16.6,2
soybeans,1,12.2,14.28,12.7,65.1,78,14.12,-0.4,1
soybeans,1,29.9,13.41,5.7,57.8,109,13.08,24.2,1
corn,0,9.4,11.81,5.6,47.6,14,13.89,3.8,0
soybeans,1,11.3,14.97,3.9,57.2,136,13.11,7.4,1
soybeans,1,13.2,12.98,-0.1,67.5,48,15.85,13.3,1
corn,0,7.2,12.62,5.7,75.0,141,20.89,1.4,0
corn,0,12.5,15.6,7.8,86.1,24,24.79,4.7,1
soybeans,1,12.6,16.98,-10.0,65.8,79,16.49,22.6,2
corn,0,10.1,13.34,-0.3,59.7,162,17.71,10.4,1
soybeans,1,24.6,15.65,2.0,51.8,51,12.14,22.7,2
soybeans,1,8.4,14.58,6.0,78.7,3,18.41,2.4,1
corn,0,15.1,14.85,13.5,91.4,128,26.43,1.5,1
corn,0,10.3,12.73,-2.2,89.7,119,29.61,12.5,1
soybeans,1,14.6,13.82,0.0,81.9,58,20.28,14.6,1
corn,0,10.0,12.23,-0.1,80.9,125,24.42,10.1,1
corn,0,16.5,12.0,-2.4,95.8,113,35.43,18.9,1
corn,0,18.1,15.13,1.2,76.6,55,22.44,16.9,2
corn,0,25.1,13.26,10.2,81.0,119,22.12,14.9,1
soybeans,1,12.2,12.55,-4.4,67.5,120,16.31,16.6,1
corn,0,26.5,12.02,7.4,52.9,80,14.83,19.1,1
soybeans,1,10.8,11.48,-9.6,62.4,42,15.59,20.4,1
corn,0,14.5,10.68,-0.5,71.9,21,21.24,14.9,1
corn,0,27.5,14.4,1.4,72.9,10,21.13,26.1,1
soybeans,1,34.9,10.5,17.4,99.0,57,32.64,17.5,1
soybeans,1,27.0,15.05,1.8,73.1,153,17.17,25.2,2
corn,0,14.5,15.04,-13.6,88.5,56,33.39,28.2,2
corn,0,19.3,14.02,-12.0,65.9,38,22.42,31.3,1
corn,0,20.4,14.33,4.3,67.6,86,18.98,16.2,1
corn,0,18.2,13.69,8.9,53.4,113,14.73,9.3,1
soybeans,1,9.4,14.61,7.0,61.6,112,13.81,2.4,1
corn,0,17.5,14.58,5.3,79.4,175,22.5,12.2,1
corn,0,12.7,16.54,13.3,72.1,54,18.67,-0.6,1
corn,0,9.7,16.96,-0.3,85.2,46,26.41,10.0,1
soybeans,1,14.0,16.9,11.2,74.5,4,16.62,2.8,1
soybeans,1,18.0,12.76,-9.1,67.1,171,16.73,27.1,1
corn,0,22.5,15.56,-3.2,99.0,62,43.76,25.7,2
soybeans,1,14.3,15.11,-10.5,70.7,124,17.91,24.8,2
corn,0,15.5,13.03,1.8,88.3,128,27.47,13.7,1
corn,0,21.2,12.6,3.6,66.4,112,18.76,17.6,1
soybeans,1,16.5,13.52,4.9,81.9,85,19.67,11.5,1
soybeans,1,18.5,12.29,4.5,85.0,4,20.95,14.0,1
soybeans,1,16.5,11.7,-3.4,74.9,65,18.3,19.9,1
corn,0,17.3,15.1,2.5,39.0,62,12.42,14.8,2
corn,0,9.0,14.26,-8.0,72.3,90,23.34,17.0,1
soybeans,1,16.8,14.25,14.9,89.2,120,21.68,1.9,1
corn,0,25.3,15.87,1.6,79.4,130,23.37,23.7,2
corn,0,17.1,13.85,0.1,78.2,137,23.3,17.0,1
corn,0,10.6,15.69,16.7,47.9,45,12.65,-6.1,1
soybeans,1,25.6,12.87,-5.9,61.9,146,15.07,31.5,1
corn,0,20.7,12.86,-5.0,77.8,112,24.5,25.7,1
corn,0,21.0,14.23,-4.8,77.7,176,24.42,25.8,1
soybeans,1,20.8,18.02,3.5,89.0,42,23.05,17.4,2
corn,0,8.7,16.51,7.5,70.0,41,19.06,1.2,1
corn,0,20.2,16.18,9.9,77.7,89,20.97,10.3,1
corn,0,25.0,11.73,24.6,72.2,42,17.13,0.4,1
corn,0,12.9,14.46,-14.0,58.2,35,20.62,26.9,1
corn,0,3.5,15.68,8.9,40.4,166,11.96,-5.4,1
corn,0,18.4,17.95,-0.5,78.0,67,23.36,18.8,2
soybeans,1,16.2,11.17,-0.7,74.4,41,17.83,16.9,1
corn,0,5.9,15.52,-1.0,63.3,99,18.83,6.9,1
soybeans,1,19.9,16.12,-3.3,49.3,50,12.04,23.2,2
corn,0,19.4,15.01,17.5,80.8,104,20.71,2.0,1
corn,0,6.5,11.77,10.7,68.3,86,18.04,-4.3,0
corn,0,28.3,14.66,4.2,79.8,79,22.91,24.1,1
corn,0,20.9,14.97,14.8,98.1,45,33.85,6.1,1
soybeans,1,3.7,14.52,-8.1,42.0,147,10.93,11.8,1
corn,0,21.3,12.97,-6.6,62.2,106,19.79,28.0,1
corn,0,21.1,12.74,-13.4,69.1,145,23.98,34.6,1
soybeans,1,25.2,15.02,-1.6,92.4,122,26.05,26.8,2
soybeans,1,11.9,12.98,5.3,49.1,77,11.36,6.7,0
soybeans,1,21.4,13.02,4.8,99.0,56,35.22,16.6,1
corn,0,14.5,13.95,5.2,73.9,112,20.66,9.3,1
soybeans,1,12.4,14.49,-7.3,70.7,93,17.51,19.7,2
corn,0,10.4,16.07,10.4,69.2,41,18.34,-0.0,1
corn,0,3.6,12.05,5.9,65.9,170,18.21,-2.3,0
corn,0,19.5,11.87,9.9,86.7,6,24.58,9.6,1
corn,0,14.2,13.51,-11.1,57.0,98,19.46,25.4,1
corn,0,0.0,10.96,6.5,76.8,73,21.35,-6.5,0
corn,0,16.5,15.26,-5.5,66.6,168,20.81,22.0,2
soybeans,1,23.5,10.61,0.8,61.3,41,14.28,22.7,1
corn,0,7.5,15.47,8.3,99.0,9,38.86,-0.8,1
corn,0,11.4,16.2,4.7,77.9,8,22.08,6.6,1
corn,0,18.9,14.67,-2.8,80.6,172,25.01,21.7,1
soybeans,1,0.0,10.86,4.1,87.9,104,22.39,-4.1,0
corn,0,12.5,14.39,-8.3,52.1,13,17.39,20.8,1
corn,0,18.3,12.77,13.2,96.5,19,31.42,5.1,0
soybeans,1,12.4,12.04,2.4,36.9,98,9.23,10.0,1
soybeans,1,7.6,15.24,12.9,61.2,96,13.26,-5.4,1
corn,0,7.9,15.58,-0.2,65.6,49,19.29,8.1,1
soybeans,1,5.5,16.51,-0.2,80.1,100,19.64,5.7,1
soybeans,1,11.9,13.69,-2.1,75.1,82,18.19,14.0,1
soybeans,1,22.9,14.51,11.0,69.7,158,15.35,11.9,1
corn,0,31.4,17.2,-1.7,71.8,66,21.51,33.0,2
soybeans,1,16.2,17.97,9.2,58.3,91,12.93,7.1,1
corn,0,21.0,16.14,0.9,51.0,59,15.37,20.1,2
corn,0,9.9,13.57,-11.8,82.2,53,28.81,21.7,1
corn,0,2.4,14.21,-0.6,81.7,52,24.87,3.0,1
corn,0,28.0,13.88,-5.4,94.2,81,34.67,33.5,1
corn,0,12.1,15.47,4.3,60.9,159,17.21,7.9,1
soybeans,1,20.7,12.72,-5.5,81.7,15,20.95,26.2,1
corn,0,17.0,14.78,11.4,68.0,121,17.86,5.6,1
corn,0,22.5,14.79,3.3,88.7,148,27.29,19.2,1
corn,0,22.2,14.89,2.6,86.3,5,26.17,19.6,1
corn,0,17.8,12.36,9.2,75.0,135,20.21,8.6,0
soybeans,1,18.5,14.64,11.7,67.2,18,14.7,6.8,1
corn,0,23.9,17.38,3.8,85.5,56,25.42,20.0,2
corn,0,13.3,13.38,-2.2,81.1,75,25.03,15.5,1
corn,0,26.1,14.67,-10.2,62.4,96,20.79,36.3,1
corn,0,11.4,10.88,-1.5,53.4,114,16.36,12.9,1
corn,0,16.5,14.66,-0.9,68.0,101,20.14,17.4,1
soybeans,1,20.1,14.59,4.9,93.2,173,25.67,15.2,2
soybeans,1,5.4,14.41,1.2,88.1,28,22.85,4.2,1
corn,0,25.0,15.51,9.5,56.4,50,15.33,15.5,2
soybeans,1,19.1,13.7,-0.9,55.7,2,13.17,20.0,1
soybeans,1,37.5,16.32,3.5,89.8,68,23.53,33.9,2
soybeans,1,29.5,12.61,13.5,56.1,128,12.17,16.1,1
corn,0,15.9,16.8,6.7,79.1,77,22.11,9.2,1
corn,0,27.6,14.58,3.5,63.4,24,17.97,24.1,1
corn,0,21.5,14.07,-0.8,94.6,112,33.38,22.3,1
soybeans,1,17.5,11.62,-1.1,61.2,176,14.42,18.6,1
soybeans,1,5.2,12.2,-2.8,88.0,173,23.44,8.0,0
corn,0,6.7,14.83,-0.3,74.6,119,22.1,7.1,1
corn,0,16.0,12.91,10.0,75.5,36,20.25,6.0,0
soybeans,1,12.8,15.99,2.2,44.4,2,10.67,10.6,1
soybeans,1,17.5,14.72,-6.8,41.2,127,10.66,24.3,2
soybeans,1,24.9,11.63,18.1,68.9,105,14.57,6.8,1
soybeans,1,21.6,15.57,6.6,75.5,18,17.34,15.1,2
corn,0,11.5,13.91,-7.3,56.2,177,18.27,18.7,1
corn,0,22.0,14.12,0.5,56.8,8,16.83,21.5,1
soybeans,1,10.1,16.08,4.9,79.9,15,18.93,5.2,1
corn,0,8.6,11.69,17.6,79.9,145,20.36,-9.1,0
corn,0,18.5,12.18,-4.9,70.1,23,21.73,23.3,1
soybeans,1,10.7,14.79,11.8,82.9,93,19.25,-1.1,1
corn,0,11.8,11.14,15.2,55.6,155,14.41,-3.4,0
soybeans,1,22.5,13.11,-1.0,67.0,165,15.82,23.5,1
corn,0,20.3,15.96,1.8,95.1,49,32.97,18.5,2
soybeans,1,13.6,14.0,-4.3,73.0,64,17.81,17.9,2
corn,0,5.4,11.73,2.4,73.8,34,21.21,3.1,0
corn,0,11.2,14.54,3.7,99.0,18,40.61,7.5,1
soybeans,1,28.6,13.47,9.3,52.4,64,11.73,19.3,1
corn,0,22.3,12.94,12.7,83.2,106,22.43,9.6,1
soybeans,1,25.3,20.6,-2.0,95.3,74,28.9,27.2,2
soybeans,1,17.7,15.23,-11.7,67.5,102,17.16,29.4,2
corn,0,13.7,13.69,3.8,84.0,172,24.75,9.9,1
corn,0,21.9,15.82,6.3,58.3,17,16.22,15.5,2
corn,0,24.3,13.68,6.0,62.4,141,17.29,18.3,1
corn,0,12.9,13.27,1.4,77.4,52,22.67,11.5,1
soybeans,1,11.4,14.74,5.0,83.2,170,20.14,6.4,1
soybeans,1,6.1,15.12,16.1,87.7,64,20.77,-10.0,1
soybeans,1,11.2,15.87,7.1,94.0,34,25.99,4.1,1
soybeans,1,20.3,16.76,1.0,71.1,95,16.68,19.3,2
corn,0,12.1,16.34,-0.0,88.7,87,28.26,12.1,1
soybeans,1,22.1,15.74,2.6,67.2,102,15.51,19.4,2
soybeans,1,28.8,15.93,17.1,84.6,161,19.34,11.7,2
soybeans,1,16.2,16.33,2.5,74.9,140,17.61,13.6,1
soybeans,1,15.9,15.48,3.8,78.2,76,18.5,12.1,1
corn,0,19.6,11.35,0.1,77.9,19,23.17,19.4,1
soybeans,1,12.3,15.1,12.8,49.5,137,10.95,-0.5,1
corn,0,11.8,16.68,19.7,56.3,74,14.05,-7.9,1
corn,0,12.0,12.75,7.6,73.4,145,20.05,4.4,0
corn,0,8.6,13.49,4.7,48.4,50,14.2,3.9,0
soybeans,1,21.8,14.09,4.3,83.6,39,20.41,17.6,2
soybeans,1,12.8,14.54,-15.1,84.2,169,23.56,27.8,2
soybeans,1,23.2,13.2,10.0,76.6,138,17.33,13.3,1
soybeans,1,19.4,14.3,5.1,56.3,12,12.82,14.4,2
corn,0,15.9,15.12,7.4,91.3,79,27.88,8.4,1
soybeans,1,21.3,10.58,-1.7,99.0,15,36.7,23.0,1
corn,0,9.9,14.33,0.9,74.1,28,21.63,8.9,1
corn,0,10.9,13.51,0.7,79.1,132,23.49,10.2,1
corn,0,20.6,11.13,12.2,74.8,36,19.65,8.5,0
soybeans,1,1.7,15.22,1.0,79.4,119,19.24,0.8,1
soybeans,1,16.1,14.76,20.7,70.3,65,14.71,-4.6,1
corn,0,19.8,14.5,7.4,71.5,98,19.5,12.4,1
corn,0,24.5,15.3,-6.2,84.7,47,27.99,30.7,2
soybeans,1,25.9,14.78,3.0,99.0,81,35.63,22.9,2
corn,0,15.2,12.87,-1.2,52.4,39,16.06,16.4,1
soybeans,1,21.0,15.5,-13.6,70.5,38,18.29,34.6,2
soybeans,1,10.8,15.81,16.8,55.5,44,11.83,-6.0,1
corn,0,13.1,12.25,9.6,94.3,179,29.74,3.5,0
corn,0,24.9,15.78,8.3,63.8,97,17.27,16.6,2
soybeans,1,15.7,13.69,5.3,51.8,124,11.89,10.4,1
soybeans,1,17.0,15.3,-7.1,80.9,26,20.87,24.1,2
corn,0,9.3,14.47,0.1,96.4,164,35.41,9.2,1
soybeans,1,18.7,13.89,10.7,81.3,97,18.77,8.0,1
corn,0,20.9,15.17,-4.4,74.9,1,23.24,25.3,2
corn,0,20.7,13.6,-16.3,77.7,53,28.04,37.0,1
soybeans,1,8.1,16.14,2.2,91.8,6,25.01,5.9,1
soybeans,1,22.5,16.44,2.9,59.8,37,13.74,19.6,2
corn,0,9.5,13.22,5.1,70.4,2,19.63,4.4,0
soybeans,1,15.8,13.9,9.8,65.7,123,14.49,6.0,1
corn,0,5.5,13.53,9.1,55.6,69,15.21,-3.6,0
corn,0,14.8,14.88,6.1,67.4,169,18.59,8.8,1
corn,0,9.5,16.56,13.6,87.5,179,24.21,-4.1,1
soybeans,1,13.1,11.2,-8.2,79.9,175,20.64,21.2,1
corn,0,16.4,11.65,8.0,81.0,13,22.54,8.4,0
corn,0,21.4,14.05,9.0,74.1,69,19.97,12.4,1
corn,0,21.2,14.53,-5.9,79.3,66,25.41,27.1,1
soybeans,1,0.8,12.51,-8.0,60.8,59,15.02,8.8,0
soybeans,1,20.4,14.53,-2.0,67.7,68,16.09,22.4,2
soybeans,1,17.3,12.87,-1.3,74.7,59,17.98,18.6,1
corn,0,12.4,13.4,10.0,75.9,117,20.36,2.3,0
soybeans,1,10.3,16.49,-0.9,76.5,10,18.49,11.2,1
corn,0,15.6,13.58,-2.9,70.1,141,21.22,18.4,1
soybeans,1,17.5,13.55,-0.9,66.7,130,15.73,18.4,1
soybeans,1,18.5,14.44,12.9,99.0,15,33.58,5.5,1
corn,0,14.7,16.17,4.1,84.7,46,24.99,10.6,1
soybeans,1,0.0,14.12,2.6,77.8,138,18.5,-2.6,1
corn,0,12.8,13.2,3.1,68.7,150,19.52,9.7,1
corn,0,8.3,15.24,14.3,65.7,89,16.83,-6.0,1
corn,0,29.4,15.66,-2.0,70.2,77,21.05,31.4,2
corn,0,16.4,16.26,14.5,76.1,136,19.65,1.9,1
corn,0,20.8,14.14,5.7,45.7,149,13.46,15.1,1
soybeans,1,20.1,15.06,2.7,50.0,150,11.73,17.4,2
corn,0,18.0,15.62,24.0,63.1,110,15.03,-6.0,1
soybeans,1,13.3,14.53,-4.4,74.9,97,18.42,17.7,2
corn,0,12.5,16.57,1.2,68.7,45,19.89,11.3,1
corn,0,2.9,15.37,-5.9,92.7,91,33.32,8.7,1
soybeans,1,16.9,17.59,11.6,51.2,168,11.35,5.3,1
corn,0,18.0,15.85,17.5,61.5,114,15.43,0.4,1
corn,0,15.7,10.73,17.4,93.3,150,26.99,-1.7,0
soybeans,1,16.9,13.48,13.8,73.8,158,16.18,3.1,1
corn,0,8.2,11.29,2.4,84.4,73,25.27,5.7,0
corn,0,14.1,13.05,1.1,99.0,173,41.72,13.0,1
corn,0,11.8,13.53,-9.4,62.3,35,20.52,21.1,1
soybeans,1,20.3,15.76,20.3,70.6,42,14.81,0.0,2
soybeans,1,16.3,13.41,7.8,68.2,133,15.27,8.5,1
soybeans,1,11.8,16.71,0.1,44.6,27,10.86,11.8,1
soybeans,1,15.0,13.0,14.6,67.7,32,14.56,0.3,0
corn,0,9.2,13.68,-3.8,84.3,136,27.02,13.0,1
corn,0,13.9,11.97,7.3,79.6,103,22.16,6.6,0
soybeans,1,19.8,16.8,2.6,80.7,85,19.48,17.2,2
corn,0,7.3,17.04,9.1,66.7,146,17.89,-1.8,1
corn,0,15.6,13.96,3.5,62.8,78,17.83,12.1,1
corn,0,11.1,11.53,-7.6,89.8,143,31.63,18.7,1
corn,0,7.3,13.83,4.6,65.0,154,18.21,2.7,0
soybeans,1,28.1,14.62,12.4,76.1,44,16.95,15.7,2
corn,0,24.1,13.06,3.8,74.3,32,21.08,20.4,1
corn,0,12.1,18.43,10.2,92.5,28,28.02,1.9,1
corn,0,14.1,17.49,-4.4,85.6,167,27.86,18.5,2
soybeans,1,2.9,11.05,3.8,53.9,160,12.42,-0.9,0
corn,0,5.6,12.12,-1.0,55.4,77,16.75,6.6,0
corn,0,8.7,15.03,10.0,80.1,18,21.81,-1.3,1
soybeans,1,15.8,12.27,4.3,71.1,103,16.35,11.5,1
soybeans,1,15.3,14.53,9.5,65.6,70,14.5,5.7,1
corn,0,18.2,14.22,12.7,86.2,119,23.76,5.5,1
corn,0,20.4,14.13,9.5,74.6,139,20.06,10.9,1
corn,0,17.8,16.03,6.2,72.7,160,20.1,11.6,1
corn,0,9.0,17.45,-4.0,82.9,148,26.4,13.0,1
corn,0,18.1,14.91,4.0,66.7,97,18.79,14.1,1
corn,0,20.1,12.02,-0.3,94.0,168,32.45,20.4,1
corn,0,13.2,14.46,1.2,61.0,136,17.76,12.0,1
corn,0,4.0,13.15,1.0,81.2,35,24.24,3.0,0
soybeans,1,23.7,17.79,-3.8,92.1,69,26.21,27.5,2
soybeans,1,16.6,15.45,-11.7,52.7,126,13.52,28.2,2
soybeans,1,0.0,14.92,-1.3,67.2,99,15.9,1.3,1
corn,0,29.5,15.37,5.5,88.0,78,26.3,23.9,2
corn,0,12.9,14.13,-6.8,88.2,149,30.24,19.7,1
soybeans,1,31.9,16.45,4.1,69.6,111,15.97,27.7,2
corn,0,18.5,13.17,19.2,61.7,152,15.27,-0.7,0
corn,0,14.7,15.93,12.2,85.4,17,23.49,2.5,1
corn,0,17.2,17.07,17.1,88.6,146,24.04,0.0,1
soybeans,1,11.4,12.73,7.1,55.7,140,12.54,4.3,0
soybeans,1,16.4,14.81,13.3,55.1,144,11.99,3.1,1
corn,0,29.1,14.95,-1.8,75.2,4,22.65,30.9,1
corn,0,10.2,12.27,-1.2,80.8,162,24.65,11.3,1
soybeans,1,19.5,11.74,-17.9,67.8,92,17.69,37.4,1
corn,0,11.3,12.55,13.5,81.5,174,21.66,-2.2,0
soybeans,1,14.9,14.11,16.3,62.1,75,13.19,-1.4,1
soybeans,1,28.8,14.95,-0.4,42.4,159,10.45,29.3,2
soybeans,1,19.4,13.53,2.0,66.1,153,15.29,17.5,1
corn,0,20.8,17.68,-2.0,72.9,103,21.94,22.9,2
corn,0,16.5,16.05,7.1,68.1,24,18.61,9.4,1
corn,0,33.5,15.01,13.0,55.8,65,14.72,20.5,2
soybeans,1,9.8,13.43,-9.9,46.6,117,12.03,19.8,1
soybeans,1,5.7,14.33,7.3,64.8,153,14.5,-1.5,1
corn,0,27.0,16.18,1.8,84.6,156,25.52,25.2,2
corn,0,13.5,15.86,4.9,89.6,164,27.4,8.6,1
soybeans,1,18.7,15.84,7.7,88.6,82,22.27,11.0,1
soybeans,1,27.2,13.65,2.5,60.6,6,13.96,24.7,1
soybeans,1,18.8,13.26,3.2,55.8,66,12.88,15.6,1
corn,0,30.5,11.63,2.3,79.0,67,23.03,28.2,1
corn,0,16.9,15.15,11.8,80.9,72,21.75,5.1,1
soybeans,1,11.4,11.47,7.4,77.6,95,17.91,4.0,0
soybeans,1,0.7,14.17,5.8,43.8,48,10.32,-5.1,1
corn,0,18.0,13.44,-6.2,59.9,70,19.01,24.1,1
corn,0,1.5,14.6,1.0,71.6,78,20.82,0.5,1
corn,0,18.1,16.3,11.2,78.8,67,21.12,6.9,1
corn,0,25.5,16.64,4.3,82.7,176,24.07,21.2,2
corn,0,15.9,15.46,9.3,74.0,65,19.92,6.6,1
soybeans,1,17.2,12.82,18.1,76.6,172,16.57,-0.9,0
corn,0,22.0,14.16,12.3,73.2,63,19.14,9.6,1
soybeans,1,20.4,12.63,4.7,81.6,46,19.57,15.6,1
corn,0,23.5,13.02,-0.1,76.4,147,22.66,23.6,1
soybeans,1,15.9,15.07,-16.4,72.9,73,19.23,32.3,2
soybeans,1,1.4,12.45,2.7,68.2,71,15.77,-1.3,0
corn,0,23.6,13.38,1.4,73.1,110,21.22,22.3,1
corn,0,14.4,12.27,7.1,78.8,178,21.9,7.3,0
corn,0,10.3,15.38,2.8,75.7,63,21.78,7.5,1
corn,0,18.2,13.55,1.4,77.3,41,22.64,16.7,1
soybeans,1,17.2,10.5,-10.2,90.8,7,26.44,27.4,1
soybeans,1,11.1,17.14,-3.5,75.7,137,18.56,14.6,2
corn,0,7.6,16.02,7.8,62.9,4,17.12,-0.2,1
corn,0,19.0,10.57,17.7,84.4,89,22.01,1.3,0
corn,0,10.5,15.52,3.2,52.9,177,15.44,7.3,1
soybeans,1,16.7,16.94,6.6,56.9,134,12.82,10.1,1
corn,0,18.4,13.86,11.6,76.7,82,20.34,6.8,0
corn,0,22.3,14.47,-2.5,79.2,21,24.36,24.8,1
soybeans,1,29.8,13.63,6.9,54.6,143,12.33,22.8,1
soybeans,1,17.5,15.14,-1.9,66.6,128,15.82,19.5,2
corn,0,13.2,16.06,10.9,63.5,105,16.79,2.3,1
soybeans,1,26.8,12.06,5.2,65.2,104,14.78,21.6,1
corn,0,22.8,12.93,6.4,85.2,68,24.68,16.4,1
corn,0,17.1,14.38,-2.3,81.9,160,25.42,19.4,1
soybeans,1,17.5,14.76,9.7,71.7,110,16.0,7.9,1
soybeans,1,16.2,14.93,20.7,64.4,157,13.36,-4.5,1
corn,0,17.1,13.85,-4.1,53.1,66,16.77,21.1,1
corn,0,15.3,12.61,1.3,91.9,162,30.07,14.1,1
corn,0,9.7,15.97,5.9,80.3,27,22.73,3.8,1
corn,0,16.1,12.0,10.3,62.1,60,16.54,5.8,0
corn,0,27.4,13.31,-0.5,82.1,118,25.0,27.9,1
corn,0,10.7,14.23,-18.0,71.0,167,25.28,28.7,1
corn,0,14.2,15.07,14.9,68.0,44,17.33,-0.6,1
soybeans,1,10.2,13.67,10.1,78.1,36,17.78,0.1,1
soybeans,1,23.5,15.56,-9.9,61.6,19,15.43,33.5,2
soybeans,1,21.4,16.45,-0.9,67.2,91,15.85,22.3,2
corn,0,7.7,13.08,16.5,73.7,45,18.62,-8.9,0
soybeans,1,2.9,14.9,15.6,65.0,149,13.88,-12.7,1
soybeans,1,21.6,14.64,11.5,81.4,151,18.72,10.1,1
soybeans,1,7.3,13.59,2.6,98.2,155,32.87,4.7,1
soybeans,1,21.4,10.77,4.7,61.4,98,13.96,16.7,1
soybeans,1,11.9,14.84,3.0,48.7,19,11.44,8.9,1
corn,0,20.5,15.04,13.0,44.0,41,12.25,7.5,1
corn,0,18.9,16.16,-3.0,69.9,26,21.21,21.9,2
soybeans,1,12.5,13.6,-2.4,62.7,28,14.91,15.0,1
soybeans,1,10.3,13.0,12.1,74.9,64,16.64,-1.8,0
soybeans,1,19.7,12.55,3.6,73.9,68,17.18,16.1,1
corn,0,11.5,10.5,15.0,49.6,80,13.17,-3.5,0
corn,0,23.2,13.47,-1.4,46.6,51,14.7,24.6,1
corn,0,10.6,19.18,3.6,76.1,102,21.74,7.0,1
soybeans,1,18.3,16.49,-3.4,73.9,176,17.98,21.7,2
corn,0,13.5,12.41,4.1,66.0,10,18.58,9.4,1
corn,0,16.0,13.27,-7.8,48.8,167,16.43,23.9,1
corn,0,11.4,13.26,0.1,78.6,100,23.44,11.3,1
corn,0,14.8,16.72,-7.5,89.8,122,31.61,22.3,2
soybeans,1,0.0,18.2,9.6,75.9,147,17.17,-9.6,1
soybeans,1,10.7,14.36,9.7,60.1,64,13.27,1.0,1
soybeans,1,12.2,14.67,-9.8,72.6,124,18.41,22.0,2
corn,0,15.5,15.14,14.7,52.9,19,13.9,0.9,1
soybeans,1,24.4,14.17,24.0,86.8,76,19.54,0.4,1
corn,0,11.5,14.71,4.4,73.1,62,20.59,7.1,1
soybeans,1,25.2,14.29,-1.1,47.2,141,11.46,26.3,2
corn,0,10.4,15.06,26.6,67.8,25,15.81,-16.2,1
corn,0,8.8,10.6,-6.6,78.5,89,25.26,15.3,1
soybeans,1,3.8,13.34,4.2,67.3,92,15.39,-0.4,1
soybeans,1,19.9,12.07,5.4,68.1,42,15.47,14.5,1
corn,0,16.6,15.44,14.8,54.9,117,14.31,1.8,1
soybeans,1,19.6,12.79,6.9,79.9,39,18.73,12.7,1
corn,0,16.9,11.38,0.0,62.9,158,18.52,16.8,1
corn,0,15.9,10.98,-3.6,41.8,133,13.93,19.5,1
corn,0,17.8,15.01,1.3,66.8,81,19.34,16.6,2
corn,0,30.0,12.53,-4.1,85.7,146,27.83,34.0,1
corn,0,12.9,13.95,4.4,66.6,107,18.67,8.5,0
corn,0,29.4,17.05,-0.5,96.3,111,35.52,29.9,2
corn,0,21.5,14.88,-8.0,78.0,21,25.51,29.5,1
soybeans,1,18.4,13.28,14.0,76.7,50,16.98,4.3,1
corn,0,19.6,12.08,0.0,70.2,121,20.6,19.6,1
soybeans,1,0.0,14.98,-6.1,71.0,134,17.48,6.1,1
corn,0,14.3,13.97,2.7,68.3,50,19.49,11.6,1
soybeans,1,11.6,15.24,4.5,67.8,115,15.46,7.1,1
corn,0,29.7,10.5,-10.0,79.4,1,26.81,39.7,1
corn,0,13.8,16.25,6.7,58.9,30,16.32,7.1,1
corn,0,15.8,11.12,-4.4,56.9,107,17.82,20.2,1
corn,0,15.7,13.33,17.7,56.3,165,14.27,-2.0,0
corn,0,7.5,16.7,8.2,99.0,48,38.89,-0.7,1
soybeans,1,12.4,10.5,0.8,79.4,87,19.26,11.6,1
soybeans,1,21.3,14.04,-2.0,76.3,129,18.55,23.3,2
soybeans,1,2.1,13.71,3.2,57.2,19,13.16,-1.0,1
soybeans,1,18.0,14.15,8.9,80.7,46,18.78,9.1,1
corn,0,10.1,14.84,3.8,70.4,130,19.86,6.3,1
corn,0,24.4,14.23,2.3,75.0,56,21.64,22.2,1
corn,0,18.6,11.79,4.5,58.3,145,16.53,14.1,1
corn,0,6.1,14.38,-0.8,74.2,92,22.1,7.0,1
corn,0,13.3,14.17,1.3,66.1,82,19.13,12.0,1
corn,0,18.9,14.09,-12.7,61.3,79,21.17,31.6,1
corn,0,14.0,17.95,11.8,82.3,150,22.27,2.2,1
corn,0,16.9,16.61,6.4,50.5,105,14.42,10.6,1
soybeans,1,15.9,17.49,-2.2,79.9,27,19.81,18.1,2
soybeans,1,21.6,14.82,19.2,81.6,55,18.02,2.4,1
corn,0,18.9,17.41,4.7,59.7,160,16.83,14.2,2
soybeans,1,15.7,12.66,-4.3,60.5,60,14.57,20.0,1
soybeans,1,16.1,13.55,10.9,68.9,109,15.17,5.3,1
corn,0,9.0,13.16,7.2,75.9,156,20.92,1.8,0
corn,0,25.5,13.31,7.2,69.9,156,19.08,18.4,1
corn,0,35.3,14.27,0.6,78.1,120,23.11,34.7,1
soybeans,1,13.9,14.57,7.6,96.7,153,29.01,6.2,1
soybeans,1,16.3,14.98,1.9,64.9,85,15.01,14.4,2
corn,0,22.6,17.34,8.4,48.0,86,13.61,14.2,2
corn,0,22.6,11.46,-11.2,83.6,117,29.29,33.8,1
